id,video,rallies,reason
U0001,0104排島臨打 4,37,無對應人工 action 標註，無法計算 serve/score ±1 秒；未修改
U0002,0104排島臨打 5,41,無對應人工 action 標註，無法計算 serve/score ±1 秒；未修改
U0003,0104排島臨打 6,48,無對應人工 action 標註，無法計算 serve/score ±1 秒；未修改
U0004,0104排島臨打 7,46,無對應人工 action 標註，無法計算 serve/score ±1 秒；未修改
U0005,0104排島臨打 8,48,無對應人工 action 標註，無法計算 serve/score ±1 秒；未修改
U0006,0104排島臨打 9,39,無對應人工 action 標註，無法計算 serve/score ±1 秒；未修改
U0007,0112小窩季打 12,47,無對應人工 action 標註，無法計算 serve/score ±1 秒；未修改
U0008,0112小窩季打 2,43,無對應人工 action 標註，無法計算 serve/score ±1 秒；未修改
U0009,0112小窩季打 3,46,無對應人工 action 標註，無法計算 serve/score ±1 秒；未修改
U0010,0112小窩季打 4,50,無對應人工 action 標註，無法計算 serve/score ±1 秒；未修改
U0011,0112小窩季打 5,40,無對應人工 action 標註，無法計算 serve/score ±1 秒；未修改
U0012,0112小窩季打 7,43,無對應人工 action 標註，無法計算 serve/score ±1 秒；未修改
U0013,0112小窩季打 8,39,無對應人工 action 標註，無法計算 serve/score ±1 秒；未修改
U0014,0112小窩季打 9,47,無對應人工 action 標註，無法計算 serve/score ±1 秒；未修改
U0015,0225小窩臨打 5,47,無對應人工 action 標註，無法計算 serve/score ±1 秒；未修改
U0016,0225小窩臨打 6,48,無對應人工 action 標註，無法計算 serve/score ±1 秒；未修改
U0017,0225小窩臨打 7,52,無對應人工 action 標註，無法計算 serve/score ±1 秒；未修改
U0018,0225小窩臨打,39,無對應人工 action 標註，無法計算 serve/score ±1 秒；未修改
U0019,0316 小窩季打 12,41,無對應人工 action 標註，無法計算 serve/score ±1 秒；未修改
U0020,0316小窩季打 10,31,無對應人工 action 標註，無法計算 serve/score ±1 秒；未修改
U0021,0316小窩季打 1,42,無對應人工 action 標註，無法計算 serve/score ±1 秒；未修改
U0022,0316小窩季打 2,43,無對應人工 action 標註，無法計算 serve/score ±1 秒；未修改
U0023,0316小窩季打 4,47,無對應人工 action 標註，無法計算 serve/score ±1 秒；未修改
U0024,0316小窩季打 5,44,無對應人工 action 標註，無法計算 serve/score ±1 秒；未修改
U0025,0316小窩季打 6,44,無對應人工 action 標註，無法計算 serve/score ±1 秒；未修改
U0026,0316小窩季打 7,47,無對應人工 action 標註，無法計算 serve/score ±1 秒；未修改
U0027,0316小窩季打 8,50,無對應人工 action 標註，無法計算 serve/score ±1 秒；未修改
U0028,0316小窩季打 9,75,無對應人工 action 標註，無法計算 serve/score ±1 秒；未修改
U0029,0323小窩臨打 4,40,無對應人工 action 標註，無法計算 serve/score ±1 秒；未修改
U0030,0323小窩臨打 5,42,無對應人工 action 標註，無法計算 serve/score ±1 秒；未修改
U0031,0323小窩臨打 6,46,無對應人工 action 標註，無法計算 serve/score ±1 秒；未修改
U0032,0323小窩臨打 7,50,無對應人工 action 標註，無法計算 serve/score ±1 秒；未修改
U0033,0323小窩臨打 8,47,無對應人工 action 標註，無法計算 serve/score ±1 秒；未修改
U0034,0323小窩臨打 9,41,無對應人工 action 標註，無法計算 serve/score ±1 秒；未修改
U0035,03⧸14(六) 16_00｜例行賽G104 #獅子王 vs. #屏東台電｜企業21年甲級男女排球聯賽_set3,48,無對應人工 action 標註，無法計算 serve/score ±1 秒；未修改
U0036,03⧸14(六) 16_00｜例行賽G104 #獅子王 vs. #屏東台電｜企業21年甲級男女排球聯賽_set4,48,無對應人工 action 標註，無法計算 serve/score ±1 秒；未修改
U0037,03⧸14(六) 18_00｜例行賽G105 #高雄台電 vs. #新北中纖｜企業21年甲級男女排球聯賽_set2,45,無對應人工 action 標註，無法計算 serve/score ±1 秒；未修改
U0038,03⧸14(六) 18_00｜例行賽G105 #高雄台電 vs. #新北中纖｜企業21年甲級男女排球聯賽_set3,48,無對應人工 action 標註，無法計算 serve/score ±1 秒；未修改
U0039,03⧸14(六) 18_00｜例行賽G105 #高雄台電 vs. #新北中纖｜企業21年甲級男女排球聯賽_set4,47,無對應人工 action 標註，無法計算 serve/score ±1 秒；未修改
U0040,03⧸15(日) 15_00｜例行賽G107 #桃園臺灣產險 vs. #獅子王｜企業21年甲級男女排球聯賽_set2,43,無對應人工 action 標註，無法計算 serve/score ±1 秒；未修改
U0041,03⧸15(日) 15_00｜例行賽G107 #桃園臺灣產險 vs. #獅子王｜企業21年甲級男女排球聯賽_set3,45,無對應人工 action 標註，無法計算 serve/score ±1 秒；未修改
U0042,03⧸15(日) 15_00｜例行賽G107 #桃園臺灣產險 vs. #獅子王｜企業21年甲級男女排球聯賽_set4,44,無對應人工 action 標註，無法計算 serve/score ±1 秒；未修改
U0043,03⧸20(五) 14_00｜挑戰賽G110 #高雄台電 vs. #新北中纖｜企業21年甲級男女排球聯賽_set3,48,無對應人工 action 標註，無法計算 serve/score ±1 秒；未修改
U0044,03⧸20(五) 14_00｜挑戰賽G110 #高雄台電 vs. #新北中纖｜企業21年甲級男女排球聯賽_set4,47,無對應人工 action 標註，無法計算 serve/score ±1 秒；未修改
U0045,03⧸20(五) 16_00｜挑戰賽G111 #屏東台電 vs. #桃園臺產｜企業21年甲級男女排球聯賽_set2,46,無對應人工 action 標註，無法計算 serve/score ±1 秒；未修改
U0046,03⧸20(五) 16_00｜挑戰賽G111 #屏東台電 vs. #桃園臺產｜企業21年甲級男女排球聯賽_set3,46,無對應人工 action 標註，無法計算 serve/score ±1 秒；未修改
U0047,03⧸20(五) 18_00｜挑戰賽G112 #臺北國北獅 vs. #雲林美津濃｜企業21年甲級男女排球聯賽_set2,50,無對應人工 action 標註，無法計算 serve/score ±1 秒；未修改
U0048,03⧸20(五) 18_00｜挑戰賽G112 #臺北國北獅 vs. #雲林美津濃｜企業21年甲級男女排球聯賽_set3,48,無對應人工 action 標註，無法計算 serve/score ±1 秒；未修改
U0049,03⧸21(六) 18_00｜男子組冠軍賽G114 #雲林美津濃 vs. #屏東台電｜企業21年甲級男女排球聯賽_set2,47,無對應人工 action 標註，無法計算 serve/score ±1 秒；未修改
U0050,03⧸21(六) 18_00｜男子組冠軍賽G114 #雲林美津濃 vs. #屏東台電｜企業21年甲級男女排球聯賽_set4,46,無對應人工 action 標註，無法計算 serve/score ±1 秒；未修改
U0051,0419小窩臨打 4,40,無對應人工 action 標註，無法計算 serve/score ±1 秒；未修改
U0052,0419小窩臨打 5,41,無對應人工 action 標註，無法計算 serve/score ±1 秒；未修改
U0053,0419小窩臨打 6,46,無對應人工 action 標註，無法計算 serve/score ±1 秒；未修改
U0054,0419小窩臨打 7,52,無對應人工 action 標註，無法計算 serve/score ±1 秒；未修改
U0055,0419小窩臨打 8,39,無對應人工 action 標註，無法計算 serve/score ±1 秒；未修改
U0056,0420小窩季打 10,47,無對應人工 action 標註，無法計算 serve/score ±1 秒；未修改
U0057,0420小窩季打 11,52,無對應人工 action 標註，無法計算 serve/score ±1 秒；未修改
U0058,0420小窩季打 12,44,無對應人工 action 標註，無法計算 serve/score ±1 秒；未修改
U0059,0420小窩季打 4,48,無對應人工 action 標註，無法計算 serve/score ±1 秒；未修改
U0060,0420小窩季打 5,46,無對應人工 action 標註，無法計算 serve/score ±1 秒；未修改
U0061,0420小窩季打 6,41,無對應人工 action 標註，無法計算 serve/score ±1 秒；未修改
U0062,0420小窩季打 7,40,無對應人工 action 標註，無法計算 serve/score ±1 秒；未修改
U0063,0420小窩季打 8,42,無對應人工 action 標註，無法計算 serve/score ±1 秒；未修改
U0064,0420小窩季打 9,45,無對應人工 action 標註，無法計算 serve/score ±1 秒；未修改
U0065,0601小窩季打 10,43,無對應人工 action 標註，無法計算 serve/score ±1 秒；未修改
U0066,0601小窩季打 11,43,無對應人工 action 標註，無法計算 serve/score ±1 秒；未修改
U0067,0601小窩季打 12,43,無對應人工 action 標註，無法計算 serve/score ±1 秒；未修改
U0068,0601小窩季打 4,46,無對應人工 action 標註，無法計算 serve/score ±1 秒；未修改
U0069,0601小窩季打 5,34,無對應人工 action 標註，無法計算 serve/score ±1 秒；未修改
U0070,0601小窩季打 6,41,無對應人工 action 標註，無法計算 serve/score ±1 秒；未修改
U0071,0601小窩季打 7,47,無對應人工 action 標註，無法計算 serve/score ±1 秒；未修改
U0072,0601小窩季打 8,37,無對應人工 action 標註，無法計算 serve/score ±1 秒；未修改
U0073,0601小窩季打 9,39,無對應人工 action 標註，無法計算 serve/score ±1 秒；未修改
U0074,0727小窩季打 10,48,無對應人工 action 標註，無法計算 serve/score ±1 秒；未修改
U0075,0727小窩季打 11,35,無對應人工 action 標註，無法計算 serve/score ±1 秒；未修改
U0076,0727小窩季打 3,57,無對應人工 action 標註，無法計算 serve/score ±1 秒；未修改
U0077,0727小窩季打 4,41,無對應人工 action 標註，無法計算 serve/score ±1 秒；未修改
U0078,0727小窩季打 5,41,無對應人工 action 標註，無法計算 serve/score ±1 秒；未修改
U0079,0727小窩季打 6,54,無對應人工 action 標註，無法計算 serve/score ±1 秒；未修改
U0080,0727小窩季打 7,48,無對應人工 action 標註，無法計算 serve/score ±1 秒；未修改
U0081,0727小窩季打 9,43,無對應人工 action 標註，無法計算 serve/score ±1 秒；未修改
U0082,0803小窩季打 11,51,無對應人工 action 標註，無法計算 serve/score ±1 秒；未修改
U0083,0803小窩季打 12,45,無對應人工 action 標註，無法計算 serve/score ±1 秒；未修改
U0084,0803小窩季打 3,48,無對應人工 action 標註，無法計算 serve/score ±1 秒；未修改
U0085,0803小窩季打 4,41,無對應人工 action 標註，無法計算 serve/score ±1 秒；未修改
U0086,0803小窩季打 5,50,無對應人工 action 標註，無法計算 serve/score ±1 秒；未修改
U0087,0803小窩季打 6,48,無對應人工 action 標註，無法計算 serve/score ±1 秒；未修改
U0088,0803小窩季打 7,48,無對應人工 action 標註，無法計算 serve/score ±1 秒；未修改
U0089,0803小窩季打 8,46,無對應人工 action 標註，無法計算 serve/score ±1 秒；未修改
U0090,0803小窩季打 9,40,無對應人工 action 標註，無法計算 serve/score ±1 秒；未修改
U0091,0914小窩季打 11,45,無對應人工 action 標註，無法計算 serve/score ±1 秒；未修改
U0092,0914小窩季打 12,46,無對應人工 action 標註，無法計算 serve/score ±1 秒；未修改
U0093,0914小窩季打 3,46,無對應人工 action 標註，無法計算 serve/score ±1 秒；未修改
U0094,0914小窩季打 4,52,無對應人工 action 標註，無法計算 serve/score ±1 秒；未修改
U0095,0914小窩季打 5,47,無對應人工 action 標註，無法計算 serve/score ±1 秒；未修改
U0096,0914小窩季打 6,43,無對應人工 action 標註，無法計算 serve/score ±1 秒；未修改
U0097,0914小窩季打 7,48,無對應人工 action 標註，無法計算 serve/score ±1 秒；未修改
U0098,0914小窩季打 8,45,無對應人工 action 標註，無法計算 serve/score ±1 秒；未修改
U0099,0914小窩季打 9,38,無對應人工 action 標註，無法計算 serve/score ±1 秒；未修改
U0100,1005小窩臨打 10,42,無對應人工 action 標註，無法計算 serve/score ±1 秒；未修改
U0101,1005小窩臨打 11,51,無對應人工 action 標註，無法計算 serve/score ±1 秒；未修改
U0102,1005小窩臨打 12,37,無對應人工 action 標註，無法計算 serve/score ±1 秒；未修改
U0103,1005小窩臨打 2,48,無對應人工 action 標註，無法計算 serve/score ±1 秒；未修改
U0104,1005小窩臨打 3,50,無對應人工 action 標註，無法計算 serve/score ±1 秒；未修改
U0105,1005小窩臨打 5,56,無對應人工 action 標註，無法計算 serve/score ±1 秒；未修改
U0106,1005小窩臨打 6,40,無對應人工 action 標註，無法計算 serve/score ±1 秒；未修改
U0107,1005小窩臨打 7,39,無對應人工 action 標註，無法計算 serve/score ±1 秒；未修改
U0108,1005小窩臨打 8,43,無對應人工 action 標註，無法計算 serve/score ±1 秒；未修改
U0109,1005小窩臨打 9,45,無對應人工 action 標註，無法計算 serve/score ±1 秒；未修改
U0110,10⧸4 4,47,無對應人工 action 標註，無法計算 serve/score ±1 秒；未修改
U0111,10⧸4 5,36,無對應人工 action 標註，無法計算 serve/score ±1 秒；未修改
U0112,10⧸4 6,40,無對應人工 action 標註，無法計算 serve/score ±1 秒；未修改
U0113,1102小窩季打 10,48,無對應人工 action 標註，無法計算 serve/score ±1 秒；未修改
U0114,1102小窩季打 11,48,無對應人工 action 標註，無法計算 serve/score ±1 秒；未修改
U0115,1102小窩季打 12,54,無對應人工 action 標註，無法計算 serve/score ±1 秒；未修改
U0116,1102小窩季打 3,45,無對應人工 action 標註，無法計算 serve/score ±1 秒；未修改
U0117,1102小窩季打 4,47,無對應人工 action 標註，無法計算 serve/score ±1 秒；未修改
U0118,1102小窩季打 5,57,無對應人工 action 標註，無法計算 serve/score ±1 秒；未修改
U0119,1102小窩季打 6,45,無對應人工 action 標註，無法計算 serve/score ±1 秒；未修改
U0120,1102小窩季打 7,18,無對應人工 action 標註，無法計算 serve/score ±1 秒；未修改
U0121,1102小窩季打 8,36,無對應人工 action 標註，無法計算 serve/score ±1 秒；未修改
U0122,1102小窩季打 9,36,無對應人工 action 標註，無法計算 serve/score ±1 秒；未修改
U0123,11⧸23小窩臨打1,48,無對應人工 action 標註，無法計算 serve/score ±1 秒；未修改
U0124,11⧸23小窩臨打2,60,無對應人工 action 標註，無法計算 serve/score ±1 秒；未修改
U0125,11⧸23小窩臨打3,49,無對應人工 action 標註，無法計算 serve/score ±1 秒；未修改
U0126,11⧸23小窩臨打4,42,無對應人工 action 標註，無法計算 serve/score ±1 秒；未修改
U0127,1203小窩全女臨打1,42,無對應人工 action 標註，無法計算 serve/score ±1 秒；未修改
U0128,1203小窩全女臨打2,36,無對應人工 action 標註，無法計算 serve/score ±1 秒；未修改
U0129,1203小窩全女臨打3,41,無對應人工 action 標註，無法計算 serve/score ±1 秒；未修改
U0130,1203小窩全女臨打4,47,無對應人工 action 標註，無法計算 serve/score ±1 秒；未修改
U0131,1203小窩全女臨打6,46,無對應人工 action 標註，無法計算 serve/score ±1 秒；未修改
U0132,1203小窩全女臨打7,39,無對應人工 action 標註，無法計算 serve/score ±1 秒；未修改
U0133,20241103 霖度C-3,35,無對應人工 action 標註，無法計算 serve/score ±1 秒；未修改
U0134,20241103 霖度C-4,39,無對應人工 action 標註，無法計算 serve/score ±1 秒；未修改
U0135,20241103 霖度C-5,55,無對應人工 action 標註，無法計算 serve/score ±1 秒；未修改
U0136,20241103 霖度C-6,34,無對應人工 action 標註，無法計算 serve/score ±1 秒；未修改
U0137,20241103 霖度C-7,44,無對應人工 action 標註，無法計算 serve/score ±1 秒；未修改
U0138,20241103 霖度C-8,42,無對應人工 action 標註，無法計算 serve/score ±1 秒；未修改
U0139,20241103 霖度C-9,40,無對應人工 action 標註，無法計算 serve/score ±1 秒；未修改
U0140,2025-09-27_G1_臺北伊斯特_vs_臺中連莊_set2,43,無對應人工 action 標註，無法計算 serve/score ±1 秒；未修改
U0141,2025-09-27_G1_臺北伊斯特_vs_臺中連莊_set3,45,無對應人工 action 標註，無法計算 serve/score ±1 秒；未修改
U0142,2025-09-28_G2_臺北伊斯特_vs_桃園雲豹飛將_set3,46,無對應人工 action 標註，無法計算 serve/score ±1 秒；未修改
U0143,2025-09-28_G2_臺北伊斯特_vs_桃園雲豹飛將_set4,64,無對應人工 action 標註，無法計算 serve/score ±1 秒；未修改
U0144,2025-09-28_G2_臺北伊斯特_vs_桃園雲豹飛將_set5,26,無對應人工 action 標註，無法計算 serve/score ±1 秒；未修改
U0145,2025-10-04_G3_臺中連莊_vs_桃園雲豹飛將_set2,39,無對應人工 action 標註，無法計算 serve/score ±1 秒；未修改
U0146,2025-10-04_G3_臺中連莊_vs_桃園雲豹飛將_set3,45,無對應人工 action 標註，無法計算 serve/score ±1 秒；未修改
U0147,2025-10-04_G4_臺北伊斯特_vs_台鋼天鷹_set2,44,無對應人工 action 標註，無法計算 serve/score ±1 秒；未修改
U0148,2025-10-04_G4_臺北伊斯特_vs_台鋼天鷹_set3,46,無對應人工 action 標註，無法計算 serve/score ±1 秒；未修改
U0149,2025-10-05_G5_臺北伊斯特_vs_桃園雲豹飛將_set2,48,無對應人工 action 標註，無法計算 serve/score ±1 秒；未修改
U0150,2025-10-05_G5_臺北伊斯特_vs_桃園雲豹飛將_set3,42,無對應人工 action 標註，無法計算 serve/score ±1 秒；未修改
U0151,2025-10-11_G7_臺北伊斯特_vs_台鋼天鷹_set2,47,無對應人工 action 標註，無法計算 serve/score ±1 秒；未修改
U0152,2025-10-11_G7_臺北伊斯特_vs_台鋼天鷹_set3,50,無對應人工 action 標註，無法計算 serve/score ±1 秒；未修改
U0153,2025-10-11_G7_臺北伊斯特_vs_台鋼天鷹_set4,44,無對應人工 action 標註，無法計算 serve/score ±1 秒；未修改
U0154,2025-10-11_G7_臺北伊斯特_vs_台鋼天鷹_set5,25,無對應人工 action 標註，無法計算 serve/score ±1 秒；未修改
U0155,2025-10-11_G8_臺中連莊_vs_桃園雲豹飛將_set2,50,無對應人工 action 標註，無法計算 serve/score ±1 秒；未修改
U0156,2025-10-11_G8_臺中連莊_vs_桃園雲豹飛將_set3,40,無對應人工 action 標註，無法計算 serve/score ±1 秒；未修改
U0157,2025-10-12_G10_臺北伊斯特_vs_桃園雲豹飛將_set2,48,無對應人工 action 標註，無法計算 serve/score ±1 秒；未修改
U0158,2025-10-12_G10_臺北伊斯特_vs_桃園雲豹飛將_set3,47,無對應人工 action 標註，無法計算 serve/score ±1 秒；未修改
U0159,2025-10-12_G10_臺北伊斯特_vs_桃園雲豹飛將_set4,44,無對應人工 action 標註，無法計算 serve/score ±1 秒；未修改
U0160,2025-10-12_G9_臺中連莊_vs_台鋼天鷹_set2,50,無對應人工 action 標註，無法計算 serve/score ±1 秒；未修改
U0161,2025-10-12_G9_臺中連莊_vs_台鋼天鷹_set3,46,無對應人工 action 標註，無法計算 serve/score ±1 秒；未修改
U0162,2025-10-25_G11_臺北伊斯特_vs_桃園雲豹飛將_set2,46,無對應人工 action 標註，無法計算 serve/score ±1 秒；未修改
U0163,2025-10-25_G11_臺北伊斯特_vs_桃園雲豹飛將_set3,46,無對應人工 action 標註，無法計算 serve/score ±1 秒；未修改
U0164,2025-10-25_G11_臺北伊斯特_vs_桃園雲豹飛將_set4,52,無對應人工 action 標註，無法計算 serve/score ±1 秒；未修改
U0165,2025-10-25_G11_臺北伊斯特_vs_桃園雲豹飛將_set5,26,無對應人工 action 標註，無法計算 serve/score ±1 秒；未修改
U0166,2025-10-25_G12_台鋼天鷹_vs_臺中連莊_set2,49,無對應人工 action 標註，無法計算 serve/score ±1 秒；未修改
U0167,2025-10-25_G12_台鋼天鷹_vs_臺中連莊_set3,41,無對應人工 action 標註，無法計算 serve/score ±1 秒；未修改
U0168,2025-10-25_G12_台鋼天鷹_vs_臺中連莊_set4,40,無對應人工 action 標註，無法計算 serve/score ±1 秒；未修改
U0169,2025-10-25_G12_台鋼天鷹_vs_臺中連莊_set5,25,無對應人工 action 標註，無法計算 serve/score ±1 秒；未修改
U0170,2025-10-26_G13_台鋼天鷹_vs_桃園雲豹飛將_set2,40,無對應人工 action 標註，無法計算 serve/score ±1 秒；未修改
U0171,2025-10-26_G13_台鋼天鷹_vs_桃園雲豹飛將_set3,46,無對應人工 action 標註，無法計算 serve/score ±1 秒；未修改
U0172,2025-10-26_G13_台鋼天鷹_vs_桃園雲豹飛將_set4,47,無對應人工 action 標註，無法計算 serve/score ±1 秒；未修改
U0173,2025-10-26_G14_臺北伊斯特_vs_臺中連莊_set2,38,無對應人工 action 標註，無法計算 serve/score ±1 秒；未修改
U0174,2025-10-26_G14_臺北伊斯特_vs_臺中連莊_set3,48,無對應人工 action 標註，無法計算 serve/score ±1 秒；未修改
U0175,2025-10-26_G14_臺北伊斯特_vs_臺中連莊_set4,48,無對應人工 action 標註，無法計算 serve/score ±1 秒；未修改
U0176,2025-10-26_G14_臺北伊斯特_vs_臺中連莊_set5,27,無對應人工 action 標註，無法計算 serve/score ±1 秒；未修改
U0177,2025-11-01_G15_臺中連莊_vs_臺北伊斯特_set2,52,無對應人工 action 標註，無法計算 serve/score ±1 秒；未修改
U0178,2025-11-01_G15_臺中連莊_vs_臺北伊斯特_set3,42,無對應人工 action 標註，無法計算 serve/score ±1 秒；未修改
U0179,2025-11-01_G15_臺中連莊_vs_臺北伊斯特_set4,46,無對應人工 action 標註，無法計算 serve/score ±1 秒；未修改
U0180,2025-11-01_G16_桃園雲豹飛將_vs_台鋼天鷹_set2,42,無對應人工 action 標註，無法計算 serve/score ±1 秒；未修改
U0181,2025-11-01_G16_桃園雲豹飛將_vs_台鋼天鷹_set3,44,無對應人工 action 標註，無法計算 serve/score ±1 秒；未修改
U0182,2025-11-01_G16_桃園雲豹飛將_vs_台鋼天鷹_set4,45,無對應人工 action 標註，無法計算 serve/score ±1 秒；未修改
U0183,2025-11-01_G16_桃園雲豹飛將_vs_台鋼天鷹_set5,28,無對應人工 action 標註，無法計算 serve/score ±1 秒；未修改
U0184,2025-11-02_G17_桃園雲豹飛將_vs_臺北伊斯特_set2,47,無對應人工 action 標註，無法計算 serve/score ±1 秒；未修改
U0185,2025-11-02_G17_桃園雲豹飛將_vs_臺北伊斯特_set3,47,無對應人工 action 標註，無法計算 serve/score ±1 秒；未修改
U0186,2025-11-02_G17_桃園雲豹飛將_vs_臺北伊斯特_set4,44,無對應人工 action 標註，無法計算 serve/score ±1 秒；未修改
U0187,2025-11-02_G18_臺中連莊_vs_台鋼天鷹_set2,47,無對應人工 action 標註，無法計算 serve/score ±1 秒；未修改
U0188,2025-11-02_G18_臺中連莊_vs_台鋼天鷹_set3,40,無對應人工 action 標註，無法計算 serve/score ±1 秒；未修改
U0189,2025-11-08_G19_臺北伊斯特_vs_臺中連莊_set2,44,無對應人工 action 標註，無法計算 serve/score ±1 秒；未修改
U0190,2025-11-08_G19_臺北伊斯特_vs_臺中連莊_set3,58,無對應人工 action 標註，無法計算 serve/score ±1 秒；未修改
U0191,2025-11-08_G19_臺北伊斯特_vs_臺中連莊_set4,42,無對應人工 action 標註，無法計算 serve/score ±1 秒；未修改
U0192,2025-11-08_G20_桃園雲豹飛將_vs_台鋼天鷹_set2,44,無對應人工 action 標註，無法計算 serve/score ±1 秒；未修改
U0193,2025-11-08_G20_桃園雲豹飛將_vs_台鋼天鷹_set3,52,無對應人工 action 標註，無法計算 serve/score ±1 秒；未修改
U0194,2025-11-08_G20_桃園雲豹飛將_vs_台鋼天鷹_set4,70,無對應人工 action 標註，無法計算 serve/score ±1 秒；未修改
U0195,2025-11-08_G20_桃園雲豹飛將_vs_台鋼天鷹_set5,28,無對應人工 action 標註，無法計算 serve/score ±1 秒；未修改
U0196,20250413 霖度C-1,50,無對應人工 action 標註，無法計算 serve/score ±1 秒；未修改
U0197,20250413 霖度C-2,24,無對應人工 action 標註，無法計算 serve/score ±1 秒；未修改
U0198,20250413 霖度C-3,40,無對應人工 action 標註，無法計算 serve/score ±1 秒；未修改
U0199,20250413 霖度C-4,40,無對應人工 action 標註，無法計算 serve/score ±1 秒；未修改
U0200,20250413 霖度C-6,38,無對應人工 action 標註，無法計算 serve/score ±1 秒；未修改
U0201,20250413 霖度C-7,39,無對應人工 action 標註，無法計算 serve/score ±1 秒；未修改
U0202,20250413 霖度C-8,72,無對應人工 action 標註，無法計算 serve/score ±1 秒；未修改
U0203,20250420 霖度C-10,57,無對應人工 action 標註，無法計算 serve/score ±1 秒；未修改
U0204,20250420 霖度C-2,47,無對應人工 action 標註，無法計算 serve/score ±1 秒；未修改
U0205,20250420 霖度C-3,46,無對應人工 action 標註，無法計算 serve/score ±1 秒；未修改
U0206,20250420 霖度C-4,51,無對應人工 action 標註，無法計算 serve/score ±1 秒；未修改
U0207,20250420 霖度C-5,40,無對應人工 action 標註，無法計算 serve/score ±1 秒；未修改
U0208,20250420 霖度C-6,51,無對應人工 action 標註，無法計算 serve/score ±1 秒；未修改
U0209,20250420 霖度C-7,50,無對應人工 action 標註，無法計算 serve/score ±1 秒；未修改
U0210,20250420 霖度C-8,41,無對應人工 action 標註，無法計算 serve/score ±1 秒；未修改
U0211,20250420 霖度C-9,51,無對應人工 action 標註，無法計算 serve/score ±1 秒；未修改
U0212,20250424 排島惡館-1,24,無對應人工 action 標註，無法計算 serve/score ±1 秒；未修改
U0213,20250424 排島惡館-2,47,無對應人工 action 標註，無法計算 serve/score ±1 秒；未修改
U0214,20250424 排島惡館-3,41,無對應人工 action 標註，無法計算 serve/score ±1 秒；未修改
U0215,20250424 排島惡館-4,45,無對應人工 action 標註，無法計算 serve/score ±1 秒；未修改
U0216,20250424 排島惡館-5,50,無對應人工 action 標註，無法計算 serve/score ±1 秒；未修改
U0217,20250503 大統OB-成功大學vs中科大-友誼賽,47,無對應人工 action 標註，無法計算 serve/score ±1 秒；未修改
U0218,20250503 大統OB-成功大學vs台北大學A-第一局,44,無對應人工 action 標註，無法計算 serve/score ±1 秒；未修改
U0219,20250503 大統OB-成功大學vs台北大學B-第一局,39,無對應人工 action 標註，無法計算 serve/score ±1 秒；未修改
U0220,20250503 大統OB-成功大學vs台北大學B-第二局,42,無對應人工 action 標註，無法計算 serve/score ±1 秒；未修改
U0221,20250503 大統OB-成功大學vs輔仁大學-第一局,39,無對應人工 action 標註，無法計算 serve/score ±1 秒；未修改
U0222,20250503 大統OB-成功大學vs輔仁大學-第二局,35,無對應人工 action 標註，無法計算 serve/score ±1 秒；未修改
U0223,20250503 大統OB-成功大學vs靜宜大學-第一局,46,無對應人工 action 標註，無法計算 serve/score ±1 秒；未修改
U0224,20250503 大統OB-成功大學vs靜宜大學-第三局-1,14,無對應人工 action 標註，無法計算 serve/score ±1 秒；未修改
U0225,20250503 大統OB-成功大學vs靜宜大學-第三局-2,16,無對應人工 action 標註，無法計算 serve/score ±1 秒；未修改
U0226,20250503 大統OB-成功大學vs靜宜大學-第二局,46,無對應人工 action 標註，無法計算 serve/score ±1 秒；未修改
U0227,20250504 大統OB-成功大學vs中科大-第一局,39,無對應人工 action 標註，無法計算 serve/score ±1 秒；未修改
U0228,20250504 大統OB-成功大學vs中科大-第二局,47,無對應人工 action 標註，無法計算 serve/score ±1 秒；未修改
U0229,20250504 大統OB-成功大學vs台北大學A-第二局,42,無對應人工 action 標註，無法計算 serve/score ±1 秒；未修改
U0230,20250504 大統OB-成功大學vs台北大學B-第一局,46,無對應人工 action 標註，無法計算 serve/score ±1 秒；未修改
U0231,20250621 排島本館-1,40,無對應人工 action 標註，無法計算 serve/score ±1 秒；未修改
U0232,20250621 排島本館-3,45,無對應人工 action 標註，無法計算 serve/score ±1 秒；未修改
U0233,20250621 排島本館-4,47,無對應人工 action 標註，無法計算 serve/score ±1 秒；未修改
U0234,20250621 排島本館-5,53,無對應人工 action 標註，無法計算 serve/score ±1 秒；未修改
U0235,20250621 排島本館-6,44,無對應人工 action 標註，無法計算 serve/score ±1 秒；未修改
U0236,20250621 排島本館-7,45,無對應人工 action 標註，無法計算 serve/score ±1 秒；未修改
U0237,20250628-霖度C-2,44,無對應人工 action 標註，無法計算 serve/score ±1 秒；未修改
U0238,20250628-霖度C-3,36,無對應人工 action 標註，無法計算 serve/score ±1 秒；未修改
U0239,20250628-霖度C-4,45,無對應人工 action 標註，無法計算 serve/score ±1 秒；未修改
U0240,20250628-霖度C-5,37,無對應人工 action 標註，無法計算 serve/score ±1 秒；未修改
U0241,20250628-霖度C-6,43,無對應人工 action 標註，無法計算 serve/score ±1 秒；未修改
U0242,20250628-霖度C-7,48,無對應人工 action 標註，無法計算 serve/score ±1 秒；未修改
U0243,20250918-排島本館-1,41,無對應人工 action 標註，無法計算 serve/score ±1 秒；未修改
U0244,20250918-排島本館-2,35,無對應人工 action 標註，無法計算 serve/score ±1 秒；未修改
U0245,20250918-排島本館-3,47,無對應人工 action 標註，無法計算 serve/score ±1 秒；未修改
U0246,20250918-排島本館-4,48,無對應人工 action 標註，無法計算 serve/score ±1 秒；未修改
U0247,20250918-排島本館-6,39,無對應人工 action 標註，無法計算 serve/score ±1 秒；未修改
U0248,20250918-排島本館-7,38,無對應人工 action 標註，無法計算 serve/score ±1 秒；未修改
U0249,20250918-排島本館-8,49,無對應人工 action 標註，無法計算 serve/score ±1 秒；未修改
U0250,20250918-排島本館-9,42,無對應人工 action 標註，無法計算 serve/score ±1 秒；未修改
U0251,20251012史派克(1),45,無對應人工 action 標註，無法計算 serve/score ±1 秒；未修改
U0252,20251012史派克(2),47,無對應人工 action 標註，無法計算 serve/score ±1 秒；未修改
U0253,20251012史派克(3),42,無對應人工 action 標註，無法計算 serve/score ±1 秒；未修改
U0254,20251012史派克(4),44,無對應人工 action 標註，無法計算 serve/score ±1 秒；未修改
U0255,20251012史派克(5),44,無對應人工 action 標註，無法計算 serve/score ±1 秒；未修改
U0256,20251012史派克(6),53,無對應人工 action 標註，無法計算 serve/score ±1 秒；未修改
U0257,20251109-排島本館-01,45,無對應人工 action 標註，無法計算 serve/score ±1 秒；未修改
U0258,20251109-排島本館-02,39,無對應人工 action 標註，無法計算 serve/score ±1 秒；未修改
U0259,20251109-排島本館-04,38,無對應人工 action 標註，無法計算 serve/score ±1 秒；未修改
U0260,20251109-排島本館-05,43,無對應人工 action 標註，無法計算 serve/score ±1 秒；未修改
U0261,20251109-排島本館-06,54,無對應人工 action 標註，無法計算 serve/score ±1 秒；未修改
U0262,20251109-排島本館-07,35,無對應人工 action 標註，無法計算 serve/score ±1 秒；未修改
U0263,20251109-排島本館-08,45,無對應人工 action 標註，無法計算 serve/score ±1 秒；未修改
U0264,20251109-排島本館-09,21,無對應人工 action 標註，無法計算 serve/score ±1 秒；未修改
U0265,20251109-排島本館-10,26,無對應人工 action 標註，無法計算 serve/score ±1 秒；未修改
U0266,20251109-排島本館-11,20,無對應人工 action 標註，無法計算 serve/score ±1 秒；未修改
U0267,20251227-排島本館-1,40,無對應人工 action 標註，無法計算 serve/score ±1 秒；未修改
U0268,20251227-排島本館-2,42,無對應人工 action 標註，無法計算 serve/score ±1 秒；未修改
U0269,20251227-排島本館-4,41,無對應人工 action 標註，無法計算 serve/score ±1 秒；未修改
U0270,20251227-排島本館-5,48,無對應人工 action 標註，無法計算 serve/score ±1 秒；未修改
U0271,20251227-排島本館-7,33,無對應人工 action 標註，無法計算 serve/score ±1 秒；未修改
U0272,20251227-排島本館-8,42,無對應人工 action 標註，無法計算 serve/score ±1 秒；未修改
U0273,20251227-排島本館-9,47,無對應人工 action 標註，無法計算 serve/score ±1 秒；未修改
U0274,20260108-排排棧-03,43,無對應人工 action 標註，無法計算 serve/score ±1 秒；未修改
U0275,20260108-排排棧-04,46,無對應人工 action 標註，無法計算 serve/score ±1 秒；未修改
U0276,20260108-排排棧-05,47,無對應人工 action 標註，無法計算 serve/score ±1 秒；未修改
U0277,20260108-排排棧-06,50,無對應人工 action 標註，無法計算 serve/score ±1 秒；未修改
U0278,20260108-排排棧-07,45,無對應人工 action 標註，無法計算 serve/score ±1 秒；未修改
U0279,20260321-排島本館-02,38,無對應人工 action 標註，無法計算 serve/score ±1 秒；未修改
U0280,20260321-排島本館-03,42,無對應人工 action 標註，無法計算 serve/score ±1 秒；未修改
U0281,20260321-排島本館-04,37,無對應人工 action 標註，無法計算 serve/score ±1 秒；未修改
U0282,20260321-排島本館-05,36,無對應人工 action 標註，無法計算 serve/score ±1 秒；未修改
U0283,20260321-排島本館-06,46,無對應人工 action 標註，無法計算 serve/score ±1 秒；未修改
U0284,20260321-排島本館-07,43,無對應人工 action 標註，無法計算 serve/score ±1 秒；未修改
U0285,20260321-排島本館-08,42,無對應人工 action 標註，無法計算 serve/score ±1 秒；未修改
U0286,20260321-排島本館-09,29,無對應人工 action 標註，無法計算 serve/score ±1 秒；未修改
U0287,20260321-排島本館-10,42,無對應人工 action 標註，無法計算 serve/score ±1 秒；未修改
U0288,20260321-排島本館-11,46,無對應人工 action 標註，無法計算 serve/score ±1 秒；未修改
U0289,20260403-霖度C-03,46,無對應人工 action 標註，無法計算 serve/score ±1 秒；未修改
U0290,20260403-霖度C-04,47,無對應人工 action 標註，無法計算 serve/score ±1 秒；未修改
U0291,20260426-小窩-02,35,無對應人工 action 標註，無法計算 serve/score ±1 秒；未修改
U0292,20260426-小窩-04,44,無對應人工 action 標註，無法計算 serve/score ±1 秒；未修改
U0293,20260426-小窩-05,40,無對應人工 action 標註，無法計算 serve/score ±1 秒；未修改
U0294,20260426-小窩-06,40,無對應人工 action 標註，無法計算 serve/score ±1 秒；未修改
U0295,20260426-小窩-07,50,無對應人工 action 標註，無法計算 serve/score ±1 秒；未修改
U0296,20260426-小窩-08,40,無對應人工 action 標註，無法計算 serve/score ±1 秒；未修改
U0297,20260426-小窩-09,38,無對應人工 action 標註，無法計算 serve/score ±1 秒；未修改
U0298,20260426-小窩-10,43,無對應人工 action 標註，無法計算 serve/score ±1 秒；未修改
U0299,20260426-小窩-11,40,無對應人工 action 標註，無法計算 serve/score ±1 秒；未修改
U0300,20260426-小窩-12,52,無對應人工 action 標註，無法計算 serve/score ±1 秒；未修改
U0301,20260502-排島本館-03,42,無對應人工 action 標註，無法計算 serve/score ±1 秒；未修改
U0302,20260502-排島本館-04,48,無對應人工 action 標註，無法計算 serve/score ±1 秒；未修改
U0303,20260502-排島本館-05,49,無對應人工 action 標註，無法計算 serve/score ±1 秒；未修改
U0304,20260502-排島本館-06,38,無對應人工 action 標註，無法計算 serve/score ±1 秒；未修改
U0305,20260502-排島本館-07,46,無對應人工 action 標註，無法計算 serve/score ±1 秒；未修改
U0306,20260502-排島本館-08,42,無對應人工 action 標註，無法計算 serve/score ±1 秒；未修改
U0307,20260502-排島本館-09,43,無對應人工 action 標註，無法計算 serve/score ±1 秒；未修改
U0308,20260502-排島本館-11,43,無對應人工 action 標註，無法計算 serve/score ±1 秒；未修改
U0309,20260502-排島本館-12,45,無對應人工 action 標註，無法計算 serve/score ±1 秒；未修改
U0310,20260507 工資管友誼賽1,51,無對應人工 action 標註，無法計算 serve/score ±1 秒；未修改
U0311,20260507 工資管友誼賽3,60,無對應人工 action 標註，無法計算 serve/score ±1 秒；未修改
U0312,20260510邷力豹臨打2,44,無對應人工 action 標註，無法計算 serve/score ±1 秒；未修改
U0313,20260510邷力豹臨打3,43,無對應人工 action 標註，無法計算 serve/score ±1 秒；未修改
U0314,20260510邷力豹臨打4,43,無對應人工 action 標註，無法計算 serve/score ±1 秒；未修改
U0315,20260510邷力豹臨打5,46,無對應人工 action 標註，無法計算 serve/score ±1 秒；未修改
U0316,20260510邷力豹臨打6,42,無對應人工 action 標註，無法計算 serve/score ±1 秒；未修改
U0317,20260510邷力豹臨打7,39,無對應人工 action 標註，無法計算 serve/score ±1 秒；未修改
U0318,20260510邷力豹臨打8,38,無對應人工 action 標註，無法計算 serve/score ±1 秒；未修改
U0319,20260510邷力豹臨打9,43,無對應人工 action 標註，無法計算 serve/score ±1 秒；未修改
U0320,20260514-排排棧-01,44,無對應人工 action 標註，無法計算 serve/score ±1 秒；未修改
U0321,20260514-排排棧-02,46,無對應人工 action 標註，無法計算 serve/score ±1 秒；未修改
U0322,20260514-排排棧-03,45,無對應人工 action 標註，無法計算 serve/score ±1 秒；未修改
U0323,20260514-排排棧-04,52,無對應人工 action 標註，無法計算 serve/score ±1 秒；未修改
U0324,2026⧸02⧸25 1,48,無對應人工 action 標註，無法計算 serve/score ±1 秒；未修改
U0325,2026⧸02⧸25 2,45,無對應人工 action 標註，無法計算 serve/score ±1 秒；未修改
U0326,2026⧸02⧸25 3,39,無對應人工 action 標註，無法計算 serve/score ±1 秒；未修改
U0327,2026⧸02⧸25 5,41,無對應人工 action 標註，無法計算 serve/score ±1 秒；未修改
U0328,2026⧸02⧸25 6,46,無對應人工 action 標註，無法計算 serve/score ±1 秒；未修改
U0329,2026⧸02⧸25 7,45,無對應人工 action 標註，無法計算 serve/score ±1 秒；未修改
U0330,2026⧸02⧸25 8,46,無對應人工 action 標註，無法計算 serve/score ±1 秒；未修改
U0331,2026⧸02⧸25 9,46,無對應人工 action 標註，無法計算 serve/score ±1 秒；未修改
U0332,2026⧸03⧸25 1,45,無對應人工 action 標註，無法計算 serve/score ±1 秒；未修改
U0333,2026⧸03⧸25 2,47,無對應人工 action 標註，無法計算 serve/score ±1 秒；未修改
U0334,2026⧸03⧸25 4,42,無對應人工 action 標註，無法計算 serve/score ±1 秒；未修改
U0335,2026⧸03⧸25 5,42,無對應人工 action 標註，無法計算 serve/score ±1 秒；未修改
U0336,2026⧸03⧸25 6,37,無對應人工 action 標註，無法計算 serve/score ±1 秒；未修改
U0337,2026⧸03⧸25 7,44,無對應人工 action 標註，無法計算 serve/score ±1 秒；未修改
U0338,2026⧸03⧸25 8,46,無對應人工 action 標註，無法計算 serve/score ±1 秒；未修改
U0339,2026⧸03⧸25 9,24,無對應人工 action 標註，無法計算 serve/score ±1 秒；未修改
U0340,37-39 Thriller! - Japan 🇯🇵 vs. Poland 🇵🇱 ｜ VNL 2025 - Full Match ｜ Week 1_set3,76,無對應人工 action 標註，無法計算 serve/score ±1 秒；未修改
U0341,7⧸30（三）小窩季打團play-1🦖,34,無對應人工 action 標註，無法計算 serve/score ±1 秒；未修改
U0342,Algeria vs. Canada - Ranking 23-24 ｜ Boys' U19 World Champs 2025 - Full Match_set2,45,無對應人工 action 標註，無法計算 serve/score ±1 秒；未修改
U0343,Algeria vs. Canada - Ranking 23-24 ｜ Boys' U19 World Champs 2025 - Full Match_set3,58,無對應人工 action 標註，無法計算 serve/score ±1 秒；未修改
U0344,Argentina vs. Belgium - Ranking 9-10 ｜ Boys' U19 World Champs 2025 - Full Match_set2,48,無對應人工 action 標註，無法計算 serve/score ±1 秒；未修改
U0345,Argentina vs. Belgium - Ranking 9-10 ｜ Boys' U19 World Champs 2025 - Full Match_set3,49,無對應人工 action 標註，無法計算 serve/score ±1 秒；未修改
U0346,Argentina vs. Belgium - Ranking 9-10 ｜ Boys' U19 World Champs 2025 - Full Match_set4,43,無對應人工 action 標註，無法計算 serve/score ±1 秒；未修改
U0347,Belgium vs. Thailand - Playoffs ｜ Girls' U19 World Champs 2025 - Full Match_set2,45,無對應人工 action 標註，無法計算 serve/score ±1 秒；未修改
U0348,Belgium vs. Thailand - Playoffs ｜ Girls' U19 World Champs 2025 - Full Match_set3,48,無對應人工 action 標註，無法計算 serve/score ±1 秒；未修改
U0349,Belgium vs. Thailand - Playoffs ｜ Girls' U19 World Champs 2025 - Full Match_set4,42,無對應人工 action 標註，無法計算 serve/score ±1 秒；未修改
U0350,Brazil vs. Belgium - Classification 13-16 ｜ Boys' U19 World Champs 2025 - Full Match_set2,45,無對應人工 action 標註，無法計算 serve/score ±1 秒；未修改
U0351,Brazil vs. Belgium - Classification 13-16 ｜ Boys' U19 World Champs 2025 - Full Match_set3,41,無對應人工 action 標註，無法計算 serve/score ±1 秒；未修改
U0352,Brazil vs. Belgium - Classification 13-16 ｜ Boys' U19 World Champs 2025 - Full Match_set4,41,無對應人工 action 標註，無法計算 serve/score ±1 秒；未修改
U0353,Brazil 🇧🇷 vs. Cuba 🇨🇺 ｜ VNL 2025 - Full Match ｜ Week 1_set2,50,無對應人工 action 標註，無法計算 serve/score ±1 秒；未修改
U0354,Brazil 🇧🇷 vs. Cuba 🇨🇺 ｜ VNL 2025 - Full Match ｜ Week 1_set3,46,無對應人工 action 標註，無法計算 serve/score ±1 秒；未修改
U0355,Brazil 🇧🇷 vs. Cuba 🇨🇺 ｜ VNL 2025 - Full Match ｜ Week 1_set4,43,無對應人工 action 標註，無法計算 serve/score ±1 秒；未修改
U0356,Brazil 🇧🇷 vs. Italy 🇮🇹  ｜ VNL 2025 - Full Match ｜ Week 1_set2,43,無對應人工 action 標註，無法計算 serve/score ±1 秒；未修改
U0357,Brazil 🇧🇷 vs. Italy 🇮🇹  ｜ VNL 2025 - Full Match ｜ Week 1_set3,56,無對應人工 action 標註，無法計算 serve/score ±1 秒；未修改
U0358,Brazil 🇧🇷 vs. Poland 🇵🇱 ｜ VNL 2025 - Full Match ｜ Week 2_set2,46,無對應人工 action 標註，無法計算 serve/score ±1 秒；未修改
U0359,Brazil 🇧🇷 vs. Poland 🇵🇱 ｜ VNL 2025 - Full Match ｜ Week 2_set3,46,無對應人工 action 標註，無法計算 serve/score ±1 秒；未修改
U0360,Brazil 🇧🇷 vs. Poland 🇵🇱 ｜ VNL 2025 - Full Match ｜ Week 2_set4,54,無對應人工 action 標註，無法計算 serve/score ±1 秒；未修改
U0361,Bulgaria vs. Italy - Ranking 7-8 ｜ Boys' U19 World Champs 2025 - Full Match_set2,43,無對應人工 action 標註，無法計算 serve/score ±1 秒；未修改
U0362,Bulgaria vs. Italy - Ranking 7-8 ｜ Boys' U19 World Champs 2025 - Full Match_set3,45,無對應人工 action 標註，無法計算 serve/score ±1 秒；未修改
U0363,Bulgaria 🇧🇬 vs. Argentina 🇦🇷 ｜ VNL 2025 - Full Match ｜ Week 1_set2,45,無對應人工 action 標註，無法計算 serve/score ±1 秒；未修改
U0364,Bulgaria 🇧🇬 vs. Argentina 🇦🇷 ｜ VNL 2025 - Full Match ｜ Week 1_set3,54,無對應人工 action 標註，無法計算 serve/score ±1 秒；未修改
U0365,Bulgaria 🇧🇬 vs. Canada 🇨🇦 ｜ VNL 2025 - Full Match ｜ Week 1_set2,48,無對應人工 action 標註，無法計算 serve/score ±1 秒；未修改
U0366,Bulgaria 🇧🇬 vs. Canada 🇨🇦 ｜ VNL 2025 - Full Match ｜ Week 1_set3,44,無對應人工 action 標註，無法計算 serve/score ±1 秒；未修改
U0367,Bulgaria 🇧🇬 vs. Japan 🇯🇵 ｜ VNL 2025 - Full Match ｜ Week 1_set2,47,無對應人工 action 標註，無法計算 serve/score ±1 秒；未修改
U0368,Bulgaria 🇧🇬 vs. Japan 🇯🇵 ｜ VNL 2025 - Full Match ｜ Week 1_set3,43,無對應人工 action 標註，無法計算 serve/score ±1 秒；未修改
U0369,Canada 🇨🇦 vs Japan 🇯🇵 ｜ VNL 2025 - Full Match ｜ Week 1_set2,45,無對應人工 action 標註，無法計算 serve/score ±1 秒；未修改
U0370,Canada 🇨🇦 vs Japan 🇯🇵 ｜ VNL 2025 - Full Match ｜ Week 1_set3,44,無對應人工 action 標註，無法計算 serve/score ±1 秒；未修改
U0371,Champions crowned in Final 24⧸25 (2⧸2) ｜ Suntory Sunbirds Osaka - Stings Aichi ｜ SV League 24⧸25_set2,41,無對應人工 action 標註，無法計算 serve/score ±1 秒；未修改
U0372,Champions crowned in Final 24⧸25 (2⧸2) ｜ Suntory Sunbirds Osaka - Stings Aichi ｜ SV League 24⧸25_set3,47,無對應人工 action 標註，無法計算 serve/score ±1 秒；未修改
U0373,China vs. Argentina - Classification 13-16 ｜ Boys' U19 World Champs 2025 - Full Match_set2,48,無對應人工 action 標註，無法計算 serve/score ±1 秒；未修改
U0374,China vs. Argentina - Classification 13-16 ｜ Boys' U19 World Champs 2025 - Full Match_set3,45,無對應人工 action 標註，無法計算 serve/score ±1 秒；未修改
U0375,China vs. Argentina - Classification 13-16 ｜ Boys' U19 World Champs 2025 - Full Match_set4,67,無對應人工 action 標註，無法計算 serve/score ±1 秒；未修改
U0376,China vs. Argentina - Classification 13-16 ｜ Boys' U19 World Champs 2025 - Full Match_set5,28,無對應人工 action 標註，無法計算 serve/score ±1 秒；未修改
U0377,China vs. Brazil - Ranking 13-14 ｜ Boys' U19 World Champs 2025 - Full Match_set2,46,無對應人工 action 標註，無法計算 serve/score ±1 秒；未修改
U0378,China vs. Brazil - Ranking 13-14 ｜ Boys' U19 World Champs 2025 - Full Match_set3,50,無對應人工 action 標註，無法計算 serve/score ±1 秒；未修改
U0379,China 🇨🇳 vs. Japan 🇯🇵 ｜ VNL 2025 - Full Match ｜ Week 1_set2,39,無對應人工 action 標註，無法計算 serve/score ±1 秒；未修改
U0380,China 🇨🇳 vs. Japan 🇯🇵 ｜ VNL 2025 - Full Match ｜ Week 1_set3,47,無對應人工 action 標註，無法計算 serve/score ±1 秒；未修改
U0381,Cuba vs. Puerto Rico - Ranking 17-18 ｜ Boys' U19 World Champs 2025 - Full Match_set2,47,無對應人工 action 標註，無法計算 serve/score ±1 秒；未修改
U0382,Cuba vs. Puerto Rico - Ranking 17-18 ｜ Boys' U19 World Champs 2025 - Full Match_set3,45,無對應人工 action 標註，無法計算 serve/score ±1 秒；未修改
U0383,Final - Stings vs. Sunbirds ｜ SVL League 2024⧸25 - Full Match ｜ Volleyball_set2,46,無對應人工 action 標註，無法計算 serve/score ±1 秒；未修改
U0384,Final - Stings vs. Sunbirds ｜ SVL League 2024⧸25 - Full Match ｜ Volleyball_set3,50,無對應人工 action 標註，無法計算 serve/score ±1 秒；未修改
U0385,Final - Stings vs. Sunbirds ｜ SVL League 2024⧸25 - Full Match ｜ Volleyball_set4,62,無對應人工 action 標註，無法計算 serve/score ±1 秒；未修改
U0386,Final - Stings vs. Sunbirds ｜ SVL League 2024⧸25 - Full Match ｜ Volleyball_set5,36,無對應人工 action 標註，無法計算 serve/score ±1 秒；未修改
U0387,France vs. Iran - Semi Final 2 ｜ Boys' U19 World Champs 2025 - Full Match_set2,39,無對應人工 action 標註，無法計算 serve/score ±1 秒；未修改
U0388,France vs. Iran - Semi Final 2 ｜ Boys' U19 World Champs 2025 - Full Match_set3,46,無對應人工 action 標註，無法計算 serve/score ±1 秒；未修改
U0389,France vs. Iran - Semi Final 2 ｜ Boys' U19 World Champs 2025 - Full Match_set4,44,無對應人工 action 標註，無法計算 serve/score ±1 秒；未修改
U0390,France 🇫🇷 vs. Japan 🇯🇵 ｜ VNL 2025 - Full Match ｜ Week 2_set2,44,無對應人工 action 標註，無法計算 serve/score ±1 秒；未修改
U0391,France 🇫🇷 vs. Japan 🇯🇵 ｜ VNL 2025 - Full Match ｜ Week 2_set3,47,無對應人工 action 標註，無法計算 serve/score ±1 秒；未修改
U0392,France 🇫🇷 vs. Japan 🇯🇵 ｜ VNL 2025 - Full Match ｜ Week 2_set4,45,無對應人工 action 標註，無法計算 serve/score ±1 秒；未修改
U0393,France 🇫🇷 vs. Japan 🇯🇵 ｜ VNL 2025 - Full Match ｜ Week 2_set5,26,無對應人工 action 標註，無法計算 serve/score ±1 秒；未修改
U0394,Full Match ｜ Croatia vs. Bulgaria ｜ CEV U22 Volleyball European Championship 2026 Women ｜ Pool E_set2,48,無對應人工 action 標註，無法計算 serve/score ±1 秒；未修改
U0395,Full Match ｜ Croatia vs. Bulgaria ｜ CEV U22 Volleyball European Championship 2026 Women ｜ Pool E_set3,44,無對應人工 action 標註，無法計算 serve/score ±1 秒；未修改
U0396,Full Match ｜ Croatia vs. Bulgaria ｜ CEV U22 Volleyball European Championship 2026 Women ｜ Pool E_set4,47,無對應人工 action 標註，無法計算 serve/score ±1 秒；未修改
U0397,Full Match ｜ Croatia vs. Serbia ｜ CEV U22 Volleyball European Championship 2026 Women ｜ Pool E_set2,47,無對應人工 action 標註，無法計算 serve/score ±1 秒；未修改
U0398,Full Match ｜ Croatia vs. Serbia ｜ CEV U22 Volleyball European Championship 2026 Women ｜ Pool E_set3,46,無對應人工 action 標註，無法計算 serve/score ±1 秒；未修改
U0399,Full Match ｜ Croatia vs. Serbia ｜ CEV U22 Volleyball European Championship 2026 Women ｜ Pool E_set4,44,無對應人工 action 標註，無法計算 serve/score ±1 秒；未修改
U0400,Full Match ｜ Croatia vs. Serbia ｜ CEV U22 Volleyball European Championship 2026 Women ｜ Pool E_set5,25,無對應人工 action 標註，無法計算 serve/score ±1 秒；未修改
U0401,Full Match ｜ Denmark vs. England ｜ CEV U22 Volleyball European Championship 2026 Men ｜ Pool A_set2,46,無對應人工 action 標註，無法計算 serve/score ±1 秒；未修改
U0402,Full Match ｜ Denmark vs. England ｜ CEV U22 Volleyball European Championship 2026 Men ｜ Pool A_set3,38,無對應人工 action 標註，無法計算 serve/score ±1 秒；未修改
U0403,Full Match ｜ Ireland vs. Spain ｜ CEV U22 Volleyball European Championship 2026 Women ｜ Pool D_set2,37,無對應人工 action 標註，無法計算 serve/score ±1 秒；未修改
U0404,Full Match ｜ Ireland vs. Spain ｜ CEV U22 Volleyball European Championship 2026 Women ｜ Pool D_set3,33,無對應人工 action 標註，無法計算 serve/score ±1 秒；未修改
U0405,Full Match ｜ Ireland vs. Türkiye ｜ CEV U22 Volleyball European Championship 2026 Women ｜ Pool D_set2,33,無對應人工 action 標註，無法計算 serve/score ±1 秒；未修改
U0406,Full Match ｜ Ireland vs. Türkiye ｜ CEV U22 Volleyball European Championship 2026 Women ｜ Pool D_set3,32,無對應人工 action 標註，無法計算 serve/score ±1 秒；未修改
U0407,Full Match ｜ Italy vs. England ｜ CEV U22 Volleyball European Championship 2026 Men ｜ Pool A_set2,45,無對應人工 action 標註，無法計算 serve/score ±1 秒；未修改
U0408,Full Match ｜ Italy vs. England ｜ CEV U22 Volleyball European Championship 2026 Men ｜ Pool A_set3,40,無對應人工 action 標註，無法計算 serve/score ±1 秒；未修改
U0409,Full Match ｜ Luxembourg vs. Croatia - CEV U22 Volleyball European Championship 2026 ｜ Women ｜ Pool E_set2,41,無對應人工 action 標註，無法計算 serve/score ±1 秒；未修改
U0410,Full Match ｜ Luxembourg vs. Croatia - CEV U22 Volleyball European Championship 2026 ｜ Women ｜ Pool E_set3,34,無對應人工 action 標註，無法計算 serve/score ±1 秒；未修改
U0411,Full Match ｜ Norway vs. Bulgaria ｜ CEV U22 Volleyball European Championship 2026 Men ｜ Pool C_set2,48,無對應人工 action 標註，無法計算 serve/score ±1 秒；未修改
U0412,Full Match ｜ Norway vs. Bulgaria ｜ CEV U22 Volleyball European Championship 2026 Men ｜ Pool C_set3,47,無對應人工 action 標註，無法計算 serve/score ±1 秒；未修改
U0413,Full Match ｜ Norway vs. Ireland ｜ CEV U22 Volleyball European Championship 2026 Women ｜ Pool D_set2,40,無對應人工 action 標註，無法計算 serve/score ±1 秒；未修改
U0414,Full Match ｜ Norway vs. Ireland ｜ CEV U22 Volleyball European Championship 2026 Women ｜ Pool D_set3,43,無對應人工 action 標註，無法計算 serve/score ±1 秒；未修改
U0415,Full Match ｜ Poland vs. England ｜ CEV U22 Volleyball European Championship 2026 Women ｜ Pool C_set2,39,無對應人工 action 標註，無法計算 serve/score ±1 秒；未修改
U0416,Full Match ｜ Poland vs. England ｜ CEV U22 Volleyball European Championship 2026 Women ｜ Pool C_set3,34,無對應人工 action 標註，無法計算 serve/score ±1 秒；未修改
U0417,Full Match ｜ Poland vs. Slovakia ｜ CEV U22 Volleyball European Championship 2026 Women ｜ Pool C_set2,39,無對應人工 action 標註，無法計算 serve/score ±1 秒；未修改
U0418,Full Match ｜ Poland vs. Slovakia ｜ CEV U22 Volleyball European Championship 2026 Women ｜ Pool C_set3,40,無對應人工 action 標註，無法計算 serve/score ±1 秒；未修改
U0419,Full Match ｜ Poland vs. Slovakia ｜ CEV U22 Volleyball European Championship 2026 Women ｜ Pool C_set4,46,無對應人工 action 標註，無法計算 serve/score ±1 秒；未修改
U0420,Full Match ｜ Serbia vs. Bulgaria ｜ CEV U22 Volleyball European Championship 2026 Women ｜ Pool E_set2,45,無對應人工 action 標註，無法計算 serve/score ±1 秒；未修改
U0421,Full Match ｜ Serbia vs. Bulgaria ｜ CEV U22 Volleyball European Championship 2026 Women ｜ Pool E_set3,38,無對應人工 action 標註，無法計算 serve/score ±1 秒；未修改
U0422,Full Match ｜ Serbia vs. Bulgaria ｜ CEV U22 Volleyball European Championship 2026 Women ｜ Pool E_set4,41,無對應人工 action 標註，無法計算 serve/score ±1 秒；未修改
U0423,Full Match ｜ Serbia vs. Luxembourg ｜ CEV U22 Volleyball European Championship 2026 Women ｜ Pool E_set2,46,無對應人工 action 標註，無法計算 serve/score ±1 秒；未修改
U0424,Full Match ｜ Serbia vs. Luxembourg ｜ CEV U22 Volleyball European Championship 2026 Women ｜ Pool E_set3,35,無對應人工 action 標註，無法計算 serve/score ±1 秒；未修改
U0425,Full Match ｜ Slovakia vs. England ｜ CEV U22 Volleyball European Championship 2026 Women ｜ Pool C_set2,41,無對應人工 action 標註，無法計算 serve/score ±1 秒；未修改
U0426,Full Match ｜ Slovakia vs. England ｜ CEV U22 Volleyball European Championship 2026 Women ｜ Pool C_set3,32,無對應人工 action 標註，無法計算 serve/score ±1 秒；未修改
U0427,Full Match ｜ Spain vs The Netherlands ｜ CEV U22 Volleyball European Championship 2026 Men ｜ Pool C_set2,43,無對應人工 action 標註，無法計算 serve/score ±1 秒；未修改
U0428,Full Match ｜ Spain vs The Netherlands ｜ CEV U22 Volleyball European Championship 2026 Men ｜ Pool C_set3,41,無對應人工 action 標註，無法計算 serve/score ±1 秒；未修改
U0429,Full Match ｜ Spain vs The Netherlands ｜ CEV U22 Volleyball European Championship 2026 Men ｜ Pool C_set4,42,無對應人工 action 標註，無法計算 serve/score ±1 秒；未修改
U0430,Full Match ｜ Spain vs The Netherlands ｜ CEV U22 Volleyball European Championship 2026 Men ｜ Pool C_set5,30,無對應人工 action 標註，無法計算 serve/score ±1 秒；未修改
U0431,Full Match ｜ Türkiye vs. Spain ｜ CEV U22 Volleyball European Championship 2026 Women ｜ Pool D_set2,41,無對應人工 action 標註，無法計算 serve/score ±1 秒；未修改
U0432,Full Match ｜ Türkiye vs. Spain ｜ CEV U22 Volleyball European Championship 2026 Women ｜ Pool D_set3,49,無對應人工 action 標註，無法計算 serve/score ±1 秒；未修改
U0433,Full Match ｜ Türkiye vs. Spain ｜ CEV U22 Volleyball European Championship 2026 Women ｜ Pool D_set4,47,無對應人工 action 標註，無法計算 serve/score ±1 秒；未修改
U0434,Italy vs. Finland - Classificationn 5-8 ｜ Boys' U19 World Champs 2025 - Full Match_set2,48,無對應人工 action 標註，無法計算 serve/score ±1 秒；未修改
U0435,JT Thunders 🇯🇵 vs. Wolfdogs Nagoya 🇯🇵 ｜ SV League 2026 ｜ Full Match - Volleyball_set2,46,無對應人工 action 標註，無法計算 serve/score ±1 秒；未修改
U0436,JT Thunders 🇯🇵 vs. Wolfdogs Nagoya 🇯🇵 ｜ SV League 2026 ｜ Full Match - Volleyball_set3,47,無對應人工 action 標註，無法計算 serve/score ±1 秒；未修改
U0437,JT Thunders 🇯🇵 vs. Wolfdogs Nagoya 🇯🇵 ｜ SV League 2026 ｜ Full Match - Volleyball_set4,44,無對應人工 action 標註，無法計算 serve/score ±1 秒；未修改
U0438,JT Thunders 🇯🇵 vs. Wolfdogs Nagoya 🇯🇵 ｜ SV League 2026 ｜ Full Match - Volleyball_set5,30,無對應人工 action 標註，無法計算 serve/score ±1 秒；未修改
U0439,Japan vs. USA - Ranking 15-16 ｜ Boys' U19 World Champs 2025 - Full Match_set2,41,無對應人工 action 標註，無法計算 serve/score ±1 秒；未修改
U0440,Japan vs. USA - Ranking 15-16 ｜ Boys' U19 World Champs 2025 - Full Match_set3,40,無對應人工 action 標註，無法計算 serve/score ±1 秒；未修改
U0441,Japan vs. USA - Ranking 15-16 ｜ Boys' U19 World Champs 2025 - Full Match_set4,48,無對應人工 action 標註，無法計算 serve/score ±1 秒；未修改
U0442,Japan vs. USA - Ranking 15-16 ｜ Boys' U19 World Champs 2025 - Full Match_set5,27,無對應人工 action 標註，無法計算 serve/score ±1 秒；未修改
U0443,Japan 🇯🇵 vs. China 🇨🇳 ｜ VNL 2025 - Full Match ｜ Week 2_set2,37,無對應人工 action 標註，無法計算 serve/score ±1 秒；未修改
U0444,Japan 🇯🇵 vs. China 🇨🇳 ｜ VNL 2025 - Full Match ｜ Week 2_set3,43,無對應人工 action 標註，無法計算 serve/score ±1 秒；未修改
U0445,Japan 🇯🇵 vs. China 🇨🇳 ｜ VNL 2025 - Full Match ｜ Week 2_set4,47,無對應人工 action 標註，無法計算 serve/score ±1 秒；未修改
U0446,Japan 🇯🇵 vs. Czechia 🇨🇿 ｜ VNL 2025 - Full Match ｜ Week 2_set2,42,無對應人工 action 標註，無法計算 serve/score ±1 秒；未修改
U0447,Japan 🇯🇵 vs. Czechia 🇨🇿 ｜ VNL 2025 - Full Match ｜ Week 2_set3,45,無對應人工 action 標註，無法計算 serve/score ±1 秒；未修改
U0448,Japan 🇯🇵 vs. Dominican Republic 🇩🇴 ｜ VNL 2025 - Full Match ｜ Week 1_set2,46,無對應人工 action 標註，無法計算 serve/score ±1 秒；未修改
U0449,Japan 🇯🇵 vs. Dominican Republic 🇩🇴 ｜ VNL 2025 - Full Match ｜ Week 1_set3,34,無對應人工 action 標註，無法計算 serve/score ±1 秒；未修改
U0450,Japan 🇯🇵 vs. France 🇫🇷 ｜ VNL 2025 - Full Match ｜ Week 3_set2,41,無對應人工 action 標註，無法計算 serve/score ±1 秒；未修改
U0451,Japan 🇯🇵 vs. France 🇫🇷 ｜ VNL 2025 - Full Match ｜ Week 3_set3,44,無對應人工 action 標註，無法計算 serve/score ±1 秒；未修改
U0452,Japan 🇯🇵 vs. Netherlands 🇳🇱 ｜ VNL 2025 - Full Match ｜ Week 1_set2,48,無對應人工 action 標註，無法計算 serve/score ±1 秒；未修改
U0453,Japan 🇯🇵 vs. Netherlands 🇳🇱 ｜ VNL 2025 - Full Match ｜ Week 1_set3,43,無對應人工 action 標註，無法計算 serve/score ±1 秒；未修改
U0454,Japan 🇯🇵 vs. Serbia 🇷🇸 ｜ VNL 2025 - Full Match ｜ Week 1_set2,48,無對應人工 action 標註，無法計算 serve/score ±1 秒；未修改
U0455,Japan 🇯🇵 vs. Serbia 🇷🇸 ｜ VNL 2025 - Full Match ｜ Week 1_set3,50,無對應人工 action 標註，無法計算 serve/score ±1 秒；未修改
U0456,Jtekt Stings 🇯🇵 - Suntory Sunbirds Osaka 🇯🇵 ｜ SV League 2026 ｜ Full Match - Volleyball_set2,47,無對應人工 action 標註，無法計算 serve/score ±1 秒；未修改
U0457,Jtekt Stings 🇯🇵 - Suntory Sunbirds Osaka 🇯🇵 ｜ SV League 2026 ｜ Full Match - Volleyball_set3,44,無對應人工 action 標註，無法計算 serve/score ±1 秒；未修改
U0458,Jtekt Stings 🇯🇵 - Suntory Sunbirds Osaka 🇯🇵 ｜ SV League 2026 ｜ Full Match - Volleyball_set4,45,無對應人工 action 標註，無法計算 serve/score ±1 秒；未修改
U0459,Korea vs. Bulgaria - Classification 5-8 ｜ Boys' U19 World Champs 2025 - Full Match_set2,48,無對應人工 action 標註，無法計算 serve/score ±1 秒；未修改
U0460,Korea vs. Bulgaria - Classification 5-8 ｜ Boys' U19 World Champs 2025 - Full Match_set3,46,無對應人工 action 標註，無法計算 serve/score ±1 秒；未修改
U0461,Korea vs. Finland - Ranking 11-12 ｜ Boys' U19 World Champs 2025 - Full Match_set2,46,無對應人工 action 標註，無法計算 serve/score ±1 秒；未修改
U0462,Korea vs. Finland - Ranking 11-12 ｜ Boys' U19 World Champs 2025 - Full Match_set3,46,無對應人工 action 標註，無法計算 serve/score ±1 秒；未修改
U0463,Korea vs. Finland - Ranking 11-12 ｜ Boys' U19 World Champs 2025 - Full Match_set4,46,無對應人工 action 標註，無法計算 serve/score ±1 秒；未修改
U0464,Osaka Bluteon vs Diamond Food Fine Chef - Full Match ｜ SV. League World Tour 2025 ｜ Volleyball_set2,43,無對應人工 action 標註，無法計算 serve/score ±1 秒；未修改
U0465,Osaka Bluteon vs Diamond Food Fine Chef - Full Match ｜ SV. League World Tour 2025 ｜ Volleyball_set3,58,無對應人工 action 標註，無法計算 serve/score ±1 秒；未修改
U0466,Osaka Bluteon vs Diamond Food Fine Chef - Full Match ｜ SV. League World Tour 2025 ｜ Volleyball_set4,52,無對應人工 action 標註，無法計算 serve/score ±1 秒；未修改
U0467,Osaka Bluteon vs. Toray Arrows Shizuoka - Full Match ｜ SV. League World Tour 2025 ｜ Volleyball_set2,51,無對應人工 action 標註，無法計算 serve/score ±1 秒；未修改
U0468,Osaka Bluteon vs. Toray Arrows Shizuoka - Full Match ｜ SV. League World Tour 2025 ｜ Volleyball_set3,43,無對應人工 action 標註，無法計算 serve/score ±1 秒；未修改
U0469,Osaka Bluteon 🇯🇵 vs. JTEKT Stings 🇯🇵 ｜ SV League 2026 ｜ Full Match - Volleyball_set2,43,無對應人工 action 標註，無法計算 serve/score ±1 秒；未修改
U0470,Osaka Bluteon 🇯🇵 vs. JTEKT Stings 🇯🇵 ｜ SV League 2026 ｜ Full Match - Volleyball_set3,48,無對應人工 action 標註，無法計算 serve/score ±1 秒；未修改
U0471,Pakistan vs. USA - Classification 13-16 ｜ Boys' U19 World Champs 2025 - Full Match_set2,47,無對應人工 action 標註，無法計算 serve/score ±1 秒；未修改
U0472,Pakistan vs. USA - Classification 13-16 ｜ Boys' U19 World Champs 2025 - Full Match_set3,43,無對應人工 action 標註，無法計算 serve/score ±1 秒；未修改
U0473,Pakistan vs. USA - Classification 13-16 ｜ Boys' U19 World Champs 2025 - Full Match_set4,48,無對應人工 action 標註，無法計算 serve/score ±1 秒；未修改
U0474,Poland vs. France - Final ｜ Boys' U19 World Champs 2025 - Full Match_set2,47,無對應人工 action 標註，無法計算 serve/score ±1 秒；未修改
U0475,Poland vs. France - Final ｜ Boys' U19 World Champs 2025 - Full Match_set3,40,無對應人工 action 標註，無法計算 serve/score ±1 秒；未修改
U0476,Poland vs. France - Final ｜ Boys' U19 World Champs 2025 - Full Match_set4,36,無對應人工 action 標註，無法計算 serve/score ±1 秒；未修改
U0477,Poland vs. Spain - Semi Final 1 ｜ Boys' U19 World Champs 2025 - Full Match_set2,41,無對應人工 action 標註，無法計算 serve/score ±1 秒；未修改
U0478,Poland vs. Spain - Semi Final 1 ｜ Boys' U19 World Champs 2025 - Full Match_set3,45,無對應人工 action 標註，無法計算 serve/score ±1 秒；未修改
U0479,Semi Final 1 - Osaka Bluteon vs. Stings Aichi ｜ SV League - Full Match ｜ Volleyball_set2,43,無對應人工 action 標註，無法計算 serve/score ±1 秒；未修改
U0480,Semi Final 1 - Osaka Bluteon vs. Stings Aichi ｜ SV League - Full Match ｜ Volleyball_set3,45,無對應人工 action 標註，無法計算 serve/score ±1 秒；未修改
U0481,Semi Final 1 - Osaka Bluteon vs. Stings Aichi ｜ SV League - Full Match ｜ Volleyball_set4,40,無對應人工 action 標註，無法計算 serve/score ±1 秒；未修改
U0482,Semi Final 1 - Suntory Sunbirds vs. Wolfdogs Nagoya ｜ SVL Playoff - Full Match ｜ Volleyball_set2,39,無對應人工 action 標註，無法計算 serve/score ±1 秒；未修改
U0483,Semi Final 1 - Suntory Sunbirds vs. Wolfdogs Nagoya ｜ SVL Playoff - Full Match ｜ Volleyball_set3,52,無對應人工 action 標註，無法計算 serve/score ±1 秒；未修改
U0484,Semi Final 1 - Suntory Sunbirds vs. Wolfdogs Nagoya ｜ SVL Playoff - Full Match ｜ Volleyball_set4,48,無對應人工 action 標註，無法計算 serve/score ±1 秒；未修改
U0485,Semi Final 1 - Suntory Sunbirds vs. Wolfdogs Nagoya ｜ SVL Playoff - Full Match ｜ Volleyball_set5,32,無對應人工 action 標註，無法計算 serve/score ±1 秒；未修改
U0486,Semi Final 2 - Osaka Bluteon vs. Stings Aichi ｜ SV League - Full Match ｜ Volleyball_set2,47,無對應人工 action 標註，無法計算 serve/score ±1 秒；未修改
U0487,Semi Final 2 - Osaka Bluteon vs. Stings Aichi ｜ SV League - Full Match ｜ Volleyball_set3,40,無對應人工 action 標註，無法計算 serve/score ±1 秒；未修改
U0488,Semi Final 2 - Osaka Bluteon vs. Stings Aichi ｜ SV League - Full Match ｜ Volleyball_set4,52,無對應人工 action 標註，無法計算 serve/score ±1 秒；未修改
U0489,Semi Final 2 - Osaka Bluteon vs. Stings Aichi ｜ SV League - Full Match ｜ Volleyball_set5,27,無對應人工 action 標註，無法計算 serve/score ±1 秒；未修改
U0490,Semi Final 3 - Suntory Sunbirds vs. Wolfdogs Nagoya ｜ SVL Playoff - Full Match ｜ Volleyball_set2,48,無對應人工 action 標註，無法計算 serve/score ±1 秒；未修改
U0491,Semi Final 3 - Suntory Sunbirds vs. Wolfdogs Nagoya ｜ SVL Playoff - Full Match ｜ Volleyball_set3,47,無對應人工 action 標註，無法計算 serve/score ±1 秒；未修改
U0492,Semi Final 3 - Suntory Sunbirds vs. Wolfdogs Nagoya ｜ SVL Playoff - Full Match ｜ Volleyball_set4,53,無對應人工 action 標註，無法計算 serve/score ±1 秒；未修改
U0493,Spain vs. Iran - Ranking 3-4 ｜ Boys' U19 World Champs 2025 - Full Match_set2,40,無對應人工 action 標註，無法計算 serve/score ±1 秒；未修改
U0494,Spain vs. Iran - Ranking 3-4 ｜ Boys' U19 World Champs 2025 - Full Match_set3,45,無對應人工 action 標註，無法計算 serve/score ±1 秒；未修改
U0495,Spain vs. Iran - Ranking 3-4 ｜ Boys' U19 World Champs 2025 - Full Match_set4,25,無對應人工 action 標註，無法計算 serve/score ±1 秒；未修改
U0496,Suntory Sunbirds vs. Osaka Bluteon ｜ SV.LEAGUE 2025⧸26 ｜ Full Match - Volleyball_set2,46,無對應人工 action 標註，無法計算 serve/score ±1 秒；未修改
U0497,Suntory Sunbirds vs. Osaka Bluteon ｜ SV.LEAGUE 2025⧸26 ｜ Full Match - Volleyball_set3,50,無對應人工 action 標註，無法計算 serve/score ±1 秒；未修改
U0498,Suntory Sunbirds vs. Osaka Bluteon ｜ SV.LEAGUE 2025⧸26 ｜ Full Match - Volleyball_set4,44,無對應人工 action 標註，無法計算 serve/score ±1 秒；未修改
U0499,Suntory Sunbirds 🇯🇵 vs. Stings AICHI 🇯🇵 ｜ SV League 2026 ｜ Full Match - Japan Volleyball_set2,48,無對應人工 action 標註，無法計算 serve/score ±1 秒；未修改
U0500,Suntory Sunbirds 🇯🇵 vs. Stings AICHI 🇯🇵 ｜ SV League 2026 ｜ Full Match - Japan Volleyball_set3,43,無對應人工 action 標註，無法計算 serve/score ±1 秒；未修改
U0501,Taipei vs. Argentina - Playoffs ｜ Girls' U19 World Champs 2025 - Full Match_set2,45,無對應人工 action 標註，無法計算 serve/score ±1 秒；未修改
U0502,Taipei vs. Argentina - Playoffs ｜ Girls' U19 World Champs 2025 - Full Match_set3,41,無對應人工 action 標註，無法計算 serve/score ±1 秒；未修改
U0503,Taipei vs. Argentina - Playoffs ｜ Girls' U19 World Champs 2025 - Full Match_set4,43,無對應人工 action 標註，無法計算 serve/score ±1 秒；未修改
U0504,Toray Arrows Shizuoka vs Phitsanulok Volleyball Club - Full Match ｜ SV. League World Tour 2025_set2,38,無對應人工 action 標註，無法計算 serve/score ±1 秒；未修改
U0505,Toray Arrows Shizuoka vs Phitsanulok Volleyball Club - Full Match ｜ SV. League World Tour 2025_set3,40,無對應人工 action 標註，無法計算 serve/score ±1 秒；未修改
U0506,Türkiye vs. Colombia - Classification 13-16 ｜ Boys' U19 World Champs 2025 - Full Match_set2,47,無對應人工 action 標註，無法計算 serve/score ±1 秒；未修改
U0507,Türkiye vs. Colombia - Classification 13-16 ｜ Boys' U19 World Champs 2025 - Full Match_set3,45,無對應人工 action 標註，無法計算 serve/score ±1 秒；未修改
U0508,Türkiye vs. Colombia - Classification 13-16 ｜ Boys' U19 World Champs 2025 - Full Match_set4,48,無對應人工 action 標註，無法計算 serve/score ±1 秒；未修改
U0509,Türkiye vs. Colombia - Classification 13-16 ｜ Boys' U19 World Champs 2025 - Full Match_set5,27,無對應人工 action 標註，無法計算 serve/score ±1 秒；未修改
U0510,Uzbekistan vs. Japan - Ranking 19-20 ｜ Boys' U19 World Champs 2025 - Full Match_set2,46,無對應人工 action 標註，無法計算 serve/score ±1 秒；未修改
U0511,Uzbekistan vs. Japan - Ranking 19-20 ｜ Boys' U19 World Champs 2025 - Full Match_set3,46,無對應人工 action 標註，無法計算 serve/score ±1 秒；未修改
U0512,Uzbekistan vs. Japan - Ranking 19-20 ｜ Boys' U19 World Champs 2025 - Full Match_set4,39,無對應人工 action 標註，無法計算 serve/score ±1 秒；未修改
U0513,Uzbekistan vs. Pakistan - Ranking 5-6 ｜ Boys' U19 World Champs 2025 - Full Match_set2,44,無對應人工 action 標註，無法計算 serve/score ±1 秒；未修改
U0514,Uzbekistan vs. Pakistan - Ranking 5-6 ｜ Boys' U19 World Champs 2025 - Full Match_set3,43,無對應人工 action 標註，無法計算 serve/score ±1 秒；未修改
U0515,Wolfdogs Nagoya 🇯🇵 vs. Osaka Bluteon 🇯🇵 ｜ SV League 2026 ｜ Full Match - Japan Volleyball_set1,45,無對應人工 action 標註，無法計算 serve/score ±1 秒；未修改
U0516,Wolfdogs Nagoya 🇯🇵 vs. Osaka Bluteon 🇯🇵 ｜ SV League 2026 ｜ Full Match - Japan Volleyball_set2,40,無對應人工 action 標註，無法計算 serve/score ±1 秒；未修改
U0517,Wolfdogs Nagoya 🇯🇵 vs. Osaka Bluteon 🇯🇵 ｜ SV League 2026 ｜ Full Match - Japan Volleyball_set3,48,無對應人工 action 標註，無法計算 serve/score ±1 秒；未修改
U0518,Wolfdogs Nagoya 🇯🇵 vs. Osaka Bluteon 🇯🇵 ｜ SV League 2026 ｜ Full Match - Japan Volleyball_set4,44,無對應人工 action 標註，無法計算 serve/score ±1 秒；未修改
U0519,Wolfdogs Nagoya 🇯🇵 vs. Sakai Blazers 🇯🇵 ｜ SV League 2026 ｜ Full Match - Japan Volleyball_set1,48,無對應人工 action 標註，無法計算 serve/score ±1 秒；未修改
U0520,Wolfdogs Nagoya 🇯🇵 vs. Sakai Blazers 🇯🇵 ｜ SV League 2026 ｜ Full Match - Japan Volleyball_set2,47,無對應人工 action 標註，無法計算 serve/score ±1 秒；未修改
U0521,Wolfdogs Nagoya 🇯🇵 vs. Sakai Blazers 🇯🇵 ｜ SV League 2026 ｜ Full Match - Japan Volleyball_set3,43,無對應人工 action 標註，無法計算 serve/score ±1 秒；未修改
U0522,ᴴᴰ114UVL預賽：：中原大學vs實踐大學：：男一級 大專排球聯賽 AI網路直播_set2,41,無對應人工 action 標註，無法計算 serve/score ±1 秒；未修改
U0523,ᴴᴰ114UVL預賽：：中原大學vs實踐大學：：男一級 大專排球聯賽 AI網路直播_set3,47,無對應人工 action 標註，無法計算 serve/score ±1 秒；未修改
U0524,ᴴᴰ114UVL預賽：：中原大學vs實踐大學：：男一級 大專排球聯賽 AI網路直播_set4,41,無對應人工 action 標註，無法計算 serve/score ±1 秒；未修改
U0525,ᴴᴰ114UVL預賽：：中原大學vs陽明交大：：男一級 大專排球聯賽 AI網路直播_set2,40,無對應人工 action 標註，無法計算 serve/score ±1 秒；未修改
U0526,ᴴᴰ114UVL預賽：：中原大學vs陽明交大：：男一級 大專排球聯賽 AI網路直播_set3,40,無對應人工 action 標註，無法計算 serve/score ±1 秒；未修改
U0527,ᴴᴰ114UVL預賽：：中山大學vs國北教大：：男一級 大專排球聯賽 AI網路直播_set2,48,無對應人工 action 標註，無法計算 serve/score ±1 秒；未修改
U0528,ᴴᴰ114UVL預賽：：中山大學vs國北教大：：男一級 大專排球聯賽 AI網路直播_set3,45,無對應人工 action 標註，無法計算 serve/score ±1 秒；未修改
U0529,ᴴᴰ114UVL預賽：：中山大學vs清華大學：：男一級 大專排球聯賽 AI網路直播_set2,46,無對應人工 action 標註，無法計算 serve/score ±1 秒；未修改
U0530,ᴴᴰ114UVL預賽：：中山大學vs清華大學：：男一級 大專排球聯賽 AI網路直播_set3,42,無對應人工 action 標註，無法計算 serve/score ±1 秒；未修改
U0531,ᴴᴰ114UVL預賽：：中山大學vs清華大學：：男一級 大專排球聯賽 AI網路直播_set4,40,無對應人工 action 標註，無法計算 serve/score ±1 秒；未修改
U0532,ᴴᴰ114UVL預賽：：嘉義大學vs中山大學：：男一級 大專排球聯賽 AI網路直播_set1,44,無對應人工 action 標註，無法計算 serve/score ±1 秒；未修改
U0533,ᴴᴰ114UVL預賽：：嘉義大學vs中山大學：：男一級 大專排球聯賽 AI網路直播_set2,39,無對應人工 action 標註，無法計算 serve/score ±1 秒；未修改
U0534,ᴴᴰ114UVL預賽：：嘉義大學vs中山大學：：男一級 大專排球聯賽 AI網路直播_set3,47,無對應人工 action 標註，無法計算 serve/score ±1 秒；未修改
U0535,ᴴᴰ114UVL預賽：：嘉義大學vs中山大學：：男一級 大專排球聯賽 AI網路直播_set4,74,無對應人工 action 標註，無法計算 serve/score ±1 秒；未修改
U0536,ᴴᴰ114UVL預賽：：嘉義大學vs中山大學：：男一級 大專排球聯賽 AI網路直播_set5,32,無對應人工 action 標註，無法計算 serve/score ±1 秒；未修改
U0537,ᴴᴰ114UVL預賽：：嘉義大學vs臺灣師大：：男一級 大專排球聯賽 AI網路直播_set1,43,無對應人工 action 標註，無法計算 serve/score ±1 秒；未修改
U0538,ᴴᴰ114UVL預賽：：嘉義大學vs臺灣師大：：男一級 大專排球聯賽 AI網路直播_set2,38,無對應人工 action 標註，無法計算 serve/score ±1 秒；未修改
U0539,ᴴᴰ114UVL預賽：：嘉義大學vs臺灣師大：：男一級 大專排球聯賽 AI網路直播_set3,48,無對應人工 action 標註，無法計算 serve/score ±1 秒；未修改
U0540,ᴴᴰ114UVL預賽：：國北教大vs嘉義大學：：男一級 大專排球聯賽 AI網路直播_set2,48,無對應人工 action 標註，無法計算 serve/score ±1 秒；未修改
U0541,ᴴᴰ114UVL預賽：：國北教大vs嘉義大學：：男一級 大專排球聯賽 AI網路直播_set3,42,無對應人工 action 標註，無法計算 serve/score ±1 秒；未修改
U0542,ᴴᴰ114UVL預賽：：國北教大vs大仁科大：：男一級 大專排球聯賽 AI網路直播_set1,42,無對應人工 action 標註，無法計算 serve/score ±1 秒；未修改
U0543,ᴴᴰ114UVL預賽：：國北教大vs大仁科大：：男一級 大專排球聯賽 AI網路直播_set2,48,無對應人工 action 標註，無法計算 serve/score ±1 秒；未修改
U0544,ᴴᴰ114UVL預賽：：國北教大vs大仁科大：：男一級 大專排球聯賽 AI網路直播_set3,43,無對應人工 action 標註，無法計算 serve/score ±1 秒；未修改
U0545,ᴴᴰ114UVL預賽：：國北教大vs大仁科大：：男一級 大專排球聯賽 AI網路直播_set4,47,無對應人工 action 標註，無法計算 serve/score ±1 秒；未修改
U0546,ᴴᴰ114UVL預賽：：國北教大vs清華大學：：男一級 大專排球聯賽 AI網路直播_set1,46,無對應人工 action 標註，無法計算 serve/score ±1 秒；未修改
U0547,ᴴᴰ114UVL預賽：：國北教大vs清華大學：：男一級 大專排球聯賽 AI網路直播_set2,42,無對應人工 action 標註，無法計算 serve/score ±1 秒；未修改
U0548,ᴴᴰ114UVL預賽：：國北教大vs清華大學：：男一級 大專排球聯賽 AI網路直播_set3,47,無對應人工 action 標註，無法計算 serve/score ±1 秒；未修改
U0549,ᴴᴰ114UVL預賽：：國北教大vs清華大學：：男一級 大專排球聯賽 AI網路直播_set4,35,無對應人工 action 標註，無法計算 serve/score ±1 秒；未修改
U0550,ᴴᴰ114UVL預賽：：國北教大vs清華大學：：男一級 大專排球聯賽 AI網路直播_set5,21,無對應人工 action 標註，無法計算 serve/score ±1 秒；未修改
U0551,ᴴᴰ114UVL預賽：：大仁科大vs嘉義大學：：男一級 大專排球聯賽 AI網路直播_set1,39,無對應人工 action 標註，無法計算 serve/score ±1 秒；未修改
U0552,ᴴᴰ114UVL預賽：：大仁科大vs嘉義大學：：男一級 大專排球聯賽 AI網路直播_set2,50,無對應人工 action 標註，無法計算 serve/score ±1 秒；未修改
U0553,ᴴᴰ114UVL預賽：：大仁科大vs嘉義大學：：男一級 大專排球聯賽 AI網路直播_set3 ,42,無對應人工 action 標註，無法計算 serve/score ±1 秒；未修改
U0554,ᴴᴰ114UVL預賽：：實踐大學vs臺灣體大：：男一級 大專排球聯賽 AI網路直播_set2,40,無對應人工 action 標註，無法計算 serve/score ±1 秒；未修改
U0555,ᴴᴰ114UVL預賽：：實踐大學vs臺灣體大：：男一級 大專排球聯賽 AI網路直播_set3,40,無對應人工 action 標註，無法計算 serve/score ±1 秒；未修改
U0556,ᴴᴰ114UVL預賽：：彰化師大vs臺灣體大：：男一級 大專排球聯賽 AI網路直播_set1,47,無對應人工 action 標註，無法計算 serve/score ±1 秒；未修改
U0557,ᴴᴰ114UVL預賽：：彰化師大vs臺灣體大：：男一級 大專排球聯賽 AI網路直播_set2,39,無對應人工 action 標註，無法計算 serve/score ±1 秒；未修改
U0558,ᴴᴰ114UVL預賽：：彰化師大vs臺灣體大：：男一級 大專排球聯賽 AI網路直播_set3,43,無對應人工 action 標註，無法計算 serve/score ±1 秒；未修改
U0559,ᴴᴰ114UVL預賽：：清華大學vs嘉義大學：：男一級 大專排球聯賽 AI網路直播_set2,45,無對應人工 action 標註，無法計算 serve/score ±1 秒；未修改
U0560,ᴴᴰ114UVL預賽：：清華大學vs嘉義大學：：男一級 大專排球聯賽 AI網路直播_set3,47,無對應人工 action 標註，無法計算 serve/score ±1 秒；未修改
U0561,ᴴᴰ114UVL預賽：：清華大學vs嘉義大學：：男一級 大專排球聯賽 AI網路直播_set4,39,無對應人工 action 標註，無法計算 serve/score ±1 秒；未修改
U0562,ᴴᴰ114UVL預賽：：臺北大學vs中原大學：：男一級 大專排球聯賽 AI網路直播_set1,46,無對應人工 action 標註，無法計算 serve/score ±1 秒；未修改
U0563,ᴴᴰ114UVL預賽：：臺北大學vs中原大學：：男一級 大專排球聯賽 AI網路直播_set2,39,無對應人工 action 標註，無法計算 serve/score ±1 秒；未修改
U0564,ᴴᴰ114UVL預賽：：臺北大學vs中原大學：：男一級 大專排球聯賽 AI網路直播_set3,39,無對應人工 action 標註，無法計算 serve/score ±1 秒；未修改
U0565,ᴴᴰ114UVL預賽：：臺灣師大vs中山大學：：男一級 大專排球聯賽 AI網路直播_set2,42,無對應人工 action 標註，無法計算 serve/score ±1 秒；未修改
U0566,ᴴᴰ114UVL預賽：：臺灣師大vs中山大學：：男一級 大專排球聯賽 AI網路直播_set3,43,無對應人工 action 標註，無法計算 serve/score ±1 秒；未修改
U0567,ᴴᴰ114UVL預賽：：臺灣師大vs大仁科大：：男一級 大專排球聯賽 AI網路直播_set1,48,無對應人工 action 標註，無法計算 serve/score ±1 秒；未修改
U0568,ᴴᴰ114UVL預賽：：臺灣師大vs大仁科大：：男一級 大專排球聯賽 AI網路直播_set2,48,無對應人工 action 標註，無法計算 serve/score ±1 秒；未修改
U0569,ᴴᴰ114UVL預賽：：臺灣師大vs大仁科大：：男一級 大專排球聯賽 AI網路直播_set3,47,無對應人工 action 標註，無法計算 serve/score ±1 秒；未修改
U0570,ᴴᴰ114UVL預賽：：臺灣師大vs大仁科大：：男一級 大專排球聯賽 AI網路直播_set4,51,無對應人工 action 標註，無法計算 serve/score ±1 秒；未修改
U0571,ᴴᴰ114UVL預賽：：臺灣師大vs大仁科大：：男一級 大專排球聯賽 AI網路直播_set5,28,無對應人工 action 標註，無法計算 serve/score ±1 秒；未修改
U0572,ᴴᴰ114UVL預賽：：陽明交大vs臺北大學：：男一級 大專排球聯賽 AI網路直播_set1,42,無對應人工 action 標註，無法計算 serve/score ±1 秒；未修改
U0573,ᴴᴰ114UVL預賽：：陽明交大vs臺北大學：：男一級 大專排球聯賽 AI網路直播_set2,45,無對應人工 action 標註，無法計算 serve/score ±1 秒；未修改
U0574,ᴴᴰ114UVL預賽：：陽明交大vs臺北大學：：男一級 大專排球聯賽 AI網路直播_set3,50,無對應人工 action 標註，無法計算 serve/score ±1 秒；未修改
U0575,ᴴᴰ114UVL預賽：：陽明交大vs臺灣體大：：男一級 大專排球聯賽 AI網路直播_set2,40,無對應人工 action 標註，無法計算 serve/score ±1 秒；未修改
U0576,ᴴᴰ114UVL預賽：：陽明交大vs臺灣體大：：男一級 大專排球聯賽 AI網路直播_set3,47,無對應人工 action 標註，無法計算 serve/score ±1 秒；未修改
U0577,【LIVE】𝗙𝗨𝗟𝗟 𝗠𝗔𝗧𝗖𝗛｜TPVL  2025-26 例行賽 G21 11⧸9 15_00 桃園雲豹飛將 vs 臺中連莊_set2,48,無對應人工 action 標註，無法計算 serve/score ±1 秒；未修改
U0578,【LIVE】𝗙𝗨𝗟𝗟 𝗠𝗔𝗧𝗖𝗛｜TPVL  2025-26 例行賽 G21 11⧸9 15_00 桃園雲豹飛將 vs 臺中連莊_set3,39,無對應人工 action 標註，無法計算 serve/score ±1 秒；未修改
U0579,【LIVE】𝗙𝗨𝗟𝗟 𝗠𝗔𝗧𝗖𝗛｜TPVL  2025-26 例行賽 G22 11⧸9 18_30 臺北伊斯特 vs 台鋼天鷹_set2,45,無對應人工 action 標註，無法計算 serve/score ±1 秒；未修改
U0580,【LIVE】𝗙𝗨𝗟𝗟 𝗠𝗔𝗧𝗖𝗛｜TPVL  2025-26 例行賽 G22 11⧸9 18_30 臺北伊斯特 vs 台鋼天鷹_set3,48,無對應人工 action 標註，無法計算 serve/score ±1 秒；未修改
U0581,【LIVE】𝗙𝗨𝗟𝗟 𝗠𝗔𝗧𝗖𝗛｜TPVL  2025-26 例行賽 G22 11⧸9 18_30 臺北伊斯特 vs 台鋼天鷹_set4,48,無對應人工 action 標註，無法計算 serve/score ±1 秒；未修改
U0582,【LIVE】𝗙𝗨𝗟𝗟 𝗠𝗔𝗧𝗖𝗛｜TPVL  2025-26 例行賽 G22 11⧸9 18_30 臺北伊斯特 vs 台鋼天鷹_set5,30,無對應人工 action 標註，無法計算 serve/score ±1 秒；未修改
U0583,【LIVE】𝗙𝗨𝗟𝗟 𝗠𝗔𝗧𝗖𝗛｜TPVL  2025-26 例行賽 G23 11⧸15 15_00 臺中連莊 vs 台鋼天鷹_set2,47,無對應人工 action 標註，無法計算 serve/score ±1 秒；未修改
U0584,【LIVE】𝗙𝗨𝗟𝗟 𝗠𝗔𝗧𝗖𝗛｜TPVL  2025-26 例行賽 G23 11⧸15 15_00 臺中連莊 vs 台鋼天鷹_set3,52,無對應人工 action 標註，無法計算 serve/score ±1 秒；未修改
U0585,【LIVE】𝗙𝗨𝗟𝗟 𝗠𝗔𝗧𝗖𝗛｜TPVL  2025-26 例行賽 G23 11⧸15 15_00 臺中連莊 vs 台鋼天鷹_set4,48,無對應人工 action 標註，無法計算 serve/score ±1 秒；未修改
U0586,【LIVE】𝗙𝗨𝗟𝗟 𝗠𝗔𝗧𝗖𝗛｜TPVL  2025-26 例行賽 G24 11⧸15 18_30 桃園雲豹飛將 vs 臺北伊斯特_set2,43,無對應人工 action 標註，無法計算 serve/score ±1 秒；未修改
U0587,【LIVE】𝗙𝗨𝗟𝗟 𝗠𝗔𝗧𝗖𝗛｜TPVL  2025-26 例行賽 G24 11⧸15 18_30 桃園雲豹飛將 vs 臺北伊斯特_set3,48,無對應人工 action 標註，無法計算 serve/score ±1 秒；未修改
U0588,【LIVE】𝗙𝗨𝗟𝗟 𝗠𝗔𝗧𝗖𝗛｜TPVL  2025-26 例行賽 G24 11⧸15 18_30 桃園雲豹飛將 vs 臺北伊斯特_set4,64,無對應人工 action 標註，無法計算 serve/score ±1 秒；未修改
U0589,【LIVE】𝗙𝗨𝗟𝗟 𝗠𝗔𝗧𝗖𝗛｜TPVL  2025-26 例行賽 G25 11⧸16 15_00 桃園雲豹飛將 vs 台鋼天鷹_set2,58,無對應人工 action 標註，無法計算 serve/score ±1 秒；未修改
U0590,【LIVE】𝗙𝗨𝗟𝗟 𝗠𝗔𝗧𝗖𝗛｜TPVL  2025-26 例行賽 G25 11⧸16 15_00 桃園雲豹飛將 vs 台鋼天鷹_set3,47,無對應人工 action 標註，無法計算 serve/score ±1 秒；未修改
U0591,【LIVE】𝗙𝗨𝗟𝗟 𝗠𝗔𝗧𝗖𝗛｜TPVL  2025-26 例行賽 G26 11⧸16 18_30 臺中連莊 vs 臺北伊斯特_set2,48,無對應人工 action 標註，無法計算 serve/score ±1 秒；未修改
U0592,【LIVE】𝗙𝗨𝗟𝗟 𝗠𝗔𝗧𝗖𝗛｜TPVL  2025-26 例行賽 G26 11⧸16 18_30 臺中連莊 vs 臺北伊斯特_set3,44,無對應人工 action 標註，無法計算 serve/score ±1 秒；未修改
U0593,【LIVE】𝗙𝗨𝗟𝗟 𝗠𝗔𝗧𝗖𝗛｜TPVL  2025-26 例行賽 G26 11⧸16 18_30 臺中連莊 vs 臺北伊斯特_set4,39,無對應人工 action 標註，無法計算 serve/score ±1 秒；未修改
U0594,【LIVE】𝗙𝗨𝗟𝗟 𝗠𝗔𝗧𝗖𝗛｜TPVL  2025-26 例行賽 G27 11⧸22 15_00 桃園雲豹飛將 vs 台中連莊_set2,41,無對應人工 action 標註，無法計算 serve/score ±1 秒；未修改
U0595,【LIVE】𝗙𝗨𝗟𝗟 𝗠𝗔𝗧𝗖𝗛｜TPVL  2025-26 例行賽 G27 11⧸22 15_00 桃園雲豹飛將 vs 台中連莊_set3,50,無對應人工 action 標註，無法計算 serve/score ±1 秒；未修改
U0596,【LIVE】𝗙𝗨𝗟𝗟 𝗠𝗔𝗧𝗖𝗛｜TPVL  2025-26 例行賽 G28 11⧸22 18_30 臺北伊斯特 vs 台鋼天鷹_set2,42,無對應人工 action 標註，無法計算 serve/score ±1 秒；未修改
U0597,【LIVE】𝗙𝗨𝗟𝗟 𝗠𝗔𝗧𝗖𝗛｜TPVL  2025-26 例行賽 G28 11⧸22 18_30 臺北伊斯特 vs 台鋼天鷹_set3,45,無對應人工 action 標註，無法計算 serve/score ±1 秒；未修改
U0598,【LIVE】𝗙𝗨𝗟𝗟 𝗠𝗔𝗧𝗖𝗛｜TPVL  2025-26 例行賽 G28 11⧸22 18_30 臺北伊斯特 vs 台鋼天鷹_set4,47,無對應人工 action 標註，無法計算 serve/score ±1 秒；未修改
U0599,【LIVE】𝗙𝗨𝗟𝗟 𝗠𝗔𝗧𝗖𝗛｜TPVL  2025-26 例行賽 G29 11⧸23 15_00 臺北伊斯特 vs 台中連莊_set2,48,無對應人工 action 標註，無法計算 serve/score ±1 秒；未修改
U0600,【LIVE】𝗙𝗨𝗟𝗟 𝗠𝗔𝗧𝗖𝗛｜TPVL  2025-26 例行賽 G29 11⧸23 15_00 臺北伊斯特 vs 台中連莊_set3,44,無對應人工 action 標註，無法計算 serve/score ±1 秒；未修改
U0601,【LIVE】𝗙𝗨𝗟𝗟 𝗠𝗔𝗧𝗖𝗛｜TPVL  2025-26 例行賽 G30 11⧸23 18_30 桃園雲豹飛將 vs 台鋼天鷹_set2,47,無對應人工 action 標註，無法計算 serve/score ±1 秒；未修改
U0602,【LIVE】𝗙𝗨𝗟𝗟 𝗠𝗔𝗧𝗖𝗛｜TPVL  2025-26 例行賽 G30 11⧸23 18_30 桃園雲豹飛將 vs 台鋼天鷹_set3,46,無對應人工 action 標註，無法計算 serve/score ±1 秒；未修改
U0603,忠孝街大戲院 對 MK叭叭靈 第一局,43,無對應人工 action 標註，無法計算 serve/score ±1 秒；未修改
U0604,忠孝街大戲院 對 MK叭叭靈 第二局,40,無對應人工 action 標註，無法計算 serve/score ±1 秒；未修改
U0605,忠孝街大戲院 對 澎康 第一局,48,無對應人工 action 標註，無法計算 serve/score ±1 秒；未修改
U0606,忠孝街大戲院 對 澎康 第二局,45,無對應人工 action 標註，無法計算 serve/score ±1 秒；未修改
